skuid,title,qty
m195436427214,"Vans Sycamore Flannel Shirt in Black and Pomegranate - L",4
m806810984017,"Arcade Jessup Suspenders in Black",4
m2019036526,"Milosport Screen Printed Kicks Skateboard Deck in Black/Assorted Veneers - 8.5""",3
m2019036545,"Lakai Evo 2.0 Skate Shoe in Navy and Cream Suede - Mens 12",3
m816235020740,"2022 Crab Grab Binding Bag in Red",2
m8720246014105,"2022 Rome Crux Snowboard Binding in Black - LXL",2
m2019034903,"Jessup Grip 9x33 Sheet in red",2
m195438328663,"Vans Skate Half Cab '92 Reynolds - Mens 11",2
m2019036758,"Vans Skate Kyle Walker in Navy and Gold - 9",2
m195437425912,"Vans Tyson Peterson Dog Off Tee in Antique White - Medium",2
