skuid,title,inventoryQty
m2019031485,"2020 Brighton Weekday Only No Holiday Day Pass",18
m2019031486,"2020 Brighton Weekend/Holiday Day Pass",16
m2120000092468,"2020 Mountain Cleats Plastic Splitboard Skeats",9
m2019031487,"2020 Brighton Adult Night Pass",8
m610934187809,"2020 Dakine Pyramid Studs in Black",6
m2019031336,"2020 Hand Out Sport Mittens Black/Grey - L",5
m793661338659,"2020 Black Diamond Spark Mitts in Smoke - XL",5
m2100000156849,"2019 Volcom Woolcott Beanie in Black",5
m2019031423,"2020 Electric Kleveland Snow Goggle with a Matte White Frame and Brose Pink Chrome Lens",4
m2019031421,"2020 Electric EG2.5 Snow Goggle with a Matte Black Frame and Brose Red Chrome Lens",4
m2019031418,"2020 Electric EGG Snow Goggle with a Volcom Frame and Brose Pink Chrome Lens",4
m2019031417,"2020 Electric EGG Snow Goggle with a Matte Black Frame and Brose Red Chrome Lens",4
m793661338628,"2020 Black Diamond Spark Mitts in Smoke - L",4
m840292111691,"2020 Airhole Tech Hat Trapper 3 Layer Black - M/L",4
m840292101036,"2020 Airhole Airhood Polar Black - M/L",4
m840292100596,"2020 Airhole Balaclava Hinge Polar Black - M/L",4
m840292111554,"2020 Airhole Tech Hat 5 panel 3 layer Silver - M/L",4
m793661338475,"2020 Black Diamond Dirt Bag Gloves in Black and Tan - L",4
m2019031430,"2020 Electric Charger Snow Goggle with a Matte Black Frame and Brose Red Chrome Lens",3
m793661338635,"2020 Black Diamond Spark Mitts in Smoke - M",3
m840292111677,"2020 Airhole Tech Hat Trapper 3 Layer Charcoal - M/L",3
m840292115255,"2020 Airhole Balaclava Classic Drylite Mineral - M/L",3
m840292099623,"2020 Airhole Airtube Ergo Polar Black - M/L",3
m840292115699,"2020 Airhole Airhood Insulated Silver - M/L",3
m840292114272,"2020 Airhole Balaclava Classic Sherpa Covert - M/L",3
m840292114296,"2020 Airhole Airtube Technical Sherpa Covert - M/L",3
m888392443939,"2020 Oakley O Frame 2.0 Pro XM Snow Goggle in Matte Black and Fire Iridium",3
m886608903055,"2020 Volcom Switch Beanie Navy",3
m842852101609,"2020 Union Mini Disc (4x2 - Channel)",3
m842852101548,"2020 Union Tooless Adjsuter ( 2 toe, 2 ankle)",3
m2100000156757,"2019 Volcom Script Beanie in Merlot",3
m2100000076086,"2018 L1 Premium Goods Womens Heartbreaker Slim Twill Pant in Black XS",3
m2100000163458,"2019 Holden Mens Natural Dye Watch Beanie in Black",3
m7630050420546,"2020 L1 Americana Black - M",2
m7630050420553,"2020 L1 Americana Black M - L",2
m2019031429,"2020 Electric Charger Snow Goggle with a Matte Black Frame and Brose Lens",2
m2019031427,"2020 Electric Charger XL Snow Goggle with a Matte Black Frame and Brose Lens",2
m2019031426,"2020 Electric Kleveland Snow Goggle with a Volcom Frame and Brose Pink Chrome Lens",2
m2019031425,"2020 Electric Kleveland Snow Goggle with a Camo Frame and Brose Gold Chrome Lens",2
m2019031424,"2020 Electric Kleveland Snow Goggle with a Matte Black Frame and Brose Green Chrome Lens",2
m2019031409,"2020 Electric EG2.5 Snow Goggle with a Matte White Frame and Brose Pink Chrome Lens",2
m2019031407,"2020 Electric EGG Snow Goggle with a Nuevo Rust Frame and Brose Red Chrome Lens",2
m2019031405,"2020 Electric EGG Snow Goggle with a Torgier Frame and Brose Red Chrome Lens",2
m884932361763,"2020 Electric EGG Snow Goggle with a Dark Side Frame and Jet Black Lens",2
m2019031335,"2020 Hand Out Sport Mittens Black/Grey - M",2
m2019031329,"2020 Hand Out Pro Mittens Black/Grey - L",2
m2019031323,"2020 Hand Out Mi-Low Mittens Black Leather - L",2
m793661428695,"2020 Black Diamond Tour Gloves in Black - XL",2
m610934248920,"2020 Dakine EQ 70L Duffle Bag in Black",2
m840292109315,"2020 Airhole Airtube Drylite Mineral",2
m840292099630,"2020 Airhole Airtube Ergo Polar Black - S/M",2
m840292099661,"2020 Airhole Ergo Polar Heather Grey - M/L",2
m840292099203,"2020 Airhole Ergo Drytech Grey - M/L",2
m840292098848,"2020 Airhole Airtube Drylite Badlands - M/L",2
m886608903031,"2020 Volcom Switch Beanie Black",2
m886608898498,"2020 Volcom Freakin Snow Chino Snowboard Boys Pants in Black - S",2
m842852197893,"2020 Coal The Rogers Brim Beanie in Black",2
m842852197671,"2020 Coal The Buoy Beanie in Mushroom",2
m889262807103,"2020 Thirty Two (32) Lashed Snowboard Boot in Black - 7",2
m889645785387,"2020 Salomon Whipstar Kids Snowboard Boot in Black - 2",2
m2100000141081,"2019 Vans Aura Pro Snowboard Boot in College Couch 12",2
m2100000166114,"2019 Patagonia Womens Nano Puff Jacket in Black M",2
m2100000165537,"2019 Patagonia Mens Nano Puff Jacket in Black M",2
m2100000165544,"2019 Patagonia Mens Nano Puff Jacket in Black L",2
m2100000189588,"2019 Patagonia Girls Snowbelle Jacket in Vjosa Green L",2
m2100000189618,"2019 Patagonia Girls Pine Grove Jacket in Stone Blue L",2
m2100000132416,"2019 L1 HEARTBREAKER TWILL Womens Snowboard Pant in BLACK XS",2
m2100000163472,"2019 Holden Mens Teamster Beanie in Black?????and?????White",2
m2100000184071,"2019 Electric Charger XL Goggle in Matte White with Brose Lens",2
m2100000193431,"2019 Dragon D1 Lumalens Replacement Lens in Green Ion",2
m2100000153121,"2019 DAKINE TRANSFER JACKET in LAGOON / BALSAM GREEN M",2
m2019034208,"2020 Arva Reactor 18 Backpack",1
m7630050420560,"2020 L1 Americana Black M - XL",1
m884932361855,"2020 Electric Charger XL with Matte White Frame and Brose Lens",1
m680975203806,"2020 Vans SK8 Hi MTE DX Shoe in Black and Surf the Web - 7",1
m680975203905,"2020 Vans SK8 Hi MTE DX Shoe in Black and Surf the Web - 10",1
m680975203943,"2020 Vans SK8 Hi MTE DX Shoe in Black and Surf the Web - 10.5",1
m2019031412,"2020 Electric Kleveland Snow Goggle with a Burnt Tort Frame and Brose Pink Chrome Lens",1
m2019031337,"2020 Hand Out Sport Mittens Black/Grey - XL",1
m2019031338,"2020 Hand Out Sport Mittens Black/Grey - S",1
m2019031331,"2020 Hand Out Sport Gloves Black/Grey - M",1
m2019031334,"2020 Hand Out Sport Gloves Black/Grey - S",1
m2019031328,"2020 Hand Out Pro Mittens Black/Grey - M",1
m2019031330,"2020 Hand Out Pro Mittens Black/Grey - XL",1
m816235026698,"2020 Crab Grab Shark Teeth in Bubble Gum",1
m816235022959,"2020 Crab Grab Cinch Mitt in Black - XL",1
m192611504098,"2020 Adidas Samba Snowboard Boot in Cloud White Collegiate Green and Gum - 8.5",1
m2019031069,"2019 Salomon Launch Boa size 3.5",1
m610934972900,"2020 Dakine Titan Gore Tex Glove in Carbon - M",1
m610934165258,"2020 Dakine Charger Mitt in Black - L",1
m610934165319,"2020 Dakine Charger Mitt in Black - XL",1
m610934237429,"2020 Dakine Fillmore Trigger Mitt in Black - XL",1
m610934084719,"2020 Dakine Leather Scout Mitt in Black - L",1
m610934978315,"2020 Dakine Scout Mitt in Black - L",1
m610934978322,"2020 Dakine Scout Mitt in Black - XL",1
m610934976045,"2020 Dakine Scout Glove Short in Black - M",1
m610934980868,"2020 Dakine Leather Scout Glove in Black - XL",1
m847678134398,"2020 Airblaster Mens Classic Ninja Suit in TP Yogis - L",1
m847678136576,"2020 Airblaster Air Flap Cap in Black",1
m847678135999,"2020 Airblaster Ninja Fleece Clava in Forest",1
m847678135982,"2020 Airblaster Ninja Fleece Clava in Black",1
m847678130925,"2020 Airblaster Hot Bib in Black - XS",1
m847678130949,"2020 Airblaster Hot Bib in Black - M",1
m847678129752,"2020 Airblaster Nicolette Jacket in Black - L",1
m847678124993,"2020 Airblaster Yeti Stretch Snowboard Jacket in Navy - M",1
m840292115798,"2020 Airhole Tech Hate 5 panel 3 Layer Black - M/L",1
m840292101517,"2020 Airhole Airhood Insulated Black - M/L",1
m840292101371,"2020 Airhole Balaclava Microfleece Heather Grey - M/L",1
m840292100992,"2020 Airhole Balaclava Classic Featherlite Black - OS",1
m840292101289,"2020 Airhole Balaclava Full Hinge Waffle Knit Black - S/M",1
m840292108882,"2020 Airhole Airtube Drylite Black - S/M,",1
m840292114265,"2020 Airhole Balaclava Classic Sherpa Covert - S/M",1
m840292114289,"2020 Airhole Airtube Technical Sherpa Covert - S/M",1
m793661367765,"2020 Black Diamond Dirt Bag Gloves in Black and Tan - XL",1
m793661367758,"2020 Black Diamond Dirt Bag Gloves in Black and Tan - S",1
m841227126186,"2020 Holden Womens Standard Pant in Black - M",1
m192964079670,"2020 Patagonia Mens Capilene Mid Weight Bottoms in Black - XL",1
m889833298378,"2020 Patagonia Mens Nano Puff Hoodless Snow Jacket in Forge Grey - S",1
m2019030507,"2020 Volcom 17Forty Insulated Snow Jacket in Vintage Black - S",1
m886608902799,"2020 Volcom Walcott Beanie Black",1
m886608895459,"2020 Volcom Womens Cascara Fleece in Black - M",1
m886608889229,"2020 Volcom Womens Jenny Flannel Snow Jacket in Heather Black - S",1
m886608889236,"2020 Volcom Womens Jenny Flannel Snow Jacket in Heather Black - M",1
m886608888970,"2020 Volcom Womens Reversable Polar Snow Jacket in Black - S",1
m2019030470,"2020 Volcom Frochickidee Insulated Girls Snowboard Pant in Black - S",1
m886608899051,"2020 Volcom Frochickidee Insulated Girls Snowboard Pant in Black - M",1
m2019030471,"2020 Volcom Frochickidee Insulated Girls Snowboard Pant in Black - L",1
m886608899037,"2020 Volcom Frochickidee Insulated Girls Snowboard Pant in Black - XS",1
m886608898566,"2020 Volcom Freakin Snow Chino Snowboard Boys Pants in GI Camo - L",1
m812215020939,"2020 Spark R&D Logo Hat  in Black",1
m793661366683,"2020 Spark R&D Black Diamon 3 Piece Whippet Single Pole  in Black",1
m193391296883,"Vans 2019 Park Series Sweatshirt in Grey - XL",1
m889262798067,"2018 ES Accel Slim Plus Skate shoe in Black - 7",1
m193128091071,"2020 Salomon Kiana Toast Focus Boa Womens Snowboard Boot in Black - 7",1
m193128090654,"2020 Salomon Hi Fi Snowboard Boot in Black - 11.5",1
m889645785363,"2020 Salomon Whipstar Kids Snowboard Boot in Black - 13K",1
m190450679021,"2020 Anon Sync Womens Snow Goggle in Bohemian with a Sonar Bronze Lens",1
m190450678994,"2020 Anon Sync Womens Snow Goggle in Black with a Sonar Green Lens",1
m190450678574,"2020 Anon M3 with SPR Mens Snow Goggle in Camo with a Sonar Bronze Lens",1
m190450678208,"2020 Anon M2 with SPR Mens Snow Goggle in Olive with a Sonar Bronze Lens",1
m190450220605,"2020 Anon M2 with SPR Mens Snow Goggle in Smoke with a Sonar Smoke Lens",1
m190450679007,"2020 Anon Sync Womens Snow Goggle in Slate with a Sonar Silver Lens",1
m193390153361,"2020 Vans Encore OG Womens Snowboard Boots in Black and White - 6",1
m193390153101,"2020 Vans Encore Pro Womens Snowboard Boots in Black and Turtledove - 5",1
m2100000155880,"2019 Volcom Species Stretch Womens Snow Pant in Black S",1
m2100000156764,"2019 Volcom Script Beanie in Black",1
m2100000156795,"2019 Volcom Power Beanie in Jade",1
m2100000155842,"2019 Volcom Mira Womens Snow Pant in Black S",1
m2100000155996,"2019 Volcom Knox Insulated Gore Tex Womens Snow Pant in Black XS",1
m2100000155965,"2019 Volcom Knox Insulated Gore Tex Womens Snow Pant in Black L",1
m2100000143313,"2019 Vans Womens Encore Pro Snowboard Boot in Black and Light Blue 10",1
m2100000140671,"2019 Vans Verse Snowboard Boot in Brown and Purple 9.5",1
m2100000140701,"2019 Vans Verse Snowboard Boot in Brown and Purple 11",1
m2100000144297,"2019 Vans Standard Boot in Black and White 8",1
m2100000144198,"2019 Vans Kids Juvie Snowboard Boot in Black and White 3",1
m2100000144174,"2019 Vans Kids Juvie Snowboard Boot in Black and White 1",1
m2100000139996,"2019 Vans Infuse Snowboard Boot in Pat Moore Black and Grey 13",1
m2100000141975,"2019 Vans Hi Standard Pro Snowboard Boot in Brown and Green 8.5",1
m2100000141784,"2019 Vans Hi Standard Pro Snowboard Boot in Black and Brown 11",1
m2100000142309,"2019 Vans Hi Standard OG Snowboard Boot in Green and Orange 7",1
m192826006332,"2019 Vans Drill Chore Jacket in Black - S",1
m2019030121,"2019 Vans Drill Chore Jacket in Black - L",1
m2100000141067,"2019 Vans Aura Pro Snowboard Boot in College Couch 11",1
m2100000125234,"2019 Union STR Snowboard Binding in Black and Camo M",1
m2100000125685,"2019 Union Rosa Womens Snowboard Binding in Black M",1
m2100000125401,"2019 Union Cadet Pro Snowboard Binding in Camo YM",1
m2100000145591,"2019 Thirty Two (32) Zephyr Jones Snowboard Boot in Black and Yellow 7",1
m2100000145898,"2019 Thirty Two (32) Womens Lashed Double BOA Snowboard Boot in Black Blue and White 9",1
m2100000145867,"2019 Thirty Two (32) Womens Lashed Double BOA Snowboard Boot in Black Blue and White 7.5",1
m2100000145133,"2019 Thirty Two (32) Team 3 (TM-3) Chris Grenier Snowboard Boot in Grey and Black 11",1
m2100000145393,"2019 Thirty Two (32) Team 2 (TM-2) Snowboard Boot in Slate Blue 11",1
m2100000145058,"2019 Thirty Two (32) Lashed Snowboard Boot in Black 7",1
m2100000159055,"2019 North Face Kootenai GTX Mitt in Black M",1
m2100000183418,"2019 Spy Woot Snow Goggle in Big Leagues with a Bronze Silver Spectra Lens and a spare Persimmon Lens",1
m2100000159680,"2019 Spacecraft Milo Flannel in Heather Grey",1
m2100000159550,"2019 Spacecraft Crushing It Pom in Navy",1
m2100000160754,"2019 Smith Squad AC Snow Goggle in AC Scott Stevens with Chromapop Sun Black Lens with a Chromapop Sun Green Mirror Extra Lens",1
m2100000139729,"2019 Salomon Premiere Snowboard 159",1
m2100000139422,"2019 Salomon Malamute Snowboard Boot in Black 10",1
m2100000139569,"2019 Salomon Kiana Toast Focus Boa Womens Snowboard Boot in Black 7.5",1
m2100000139156,"2019 Salomon Hi Fi Snowboard Boot in Black 10.5",1
m2100000063758,"2018 Salomon Whipstar Kids Snowboard Boots in Black 2",1
m2100000064298,"2018 Salomon Womens Kiana Focus BOA Snowboard Boots in Black 9.5",1
m2100000158676,"2019 Ride Revolt Snowboard Binding in Black XL",1
m2100000158881,"2019 Ride Lasso Snowboard Boot in Black 9.5",1
m2100000158775,"2019 Ride Insano Focus Boa Snowboard Boot in Black 10",1
m2100000166176,"2019 Patagonia Womens Synch Snap T Pullover Lightweight Fleece in Kastanos Brown M",1
m2100000166237,"2019 Patagonia Womens Synch Snap T Pullover Lightweight Fleece in Feather Grey M",1
m2100000166244,"2019 Patagonia Womens Synch Snap T Pullover Lightweight Fleece in Feather Grey L",1
m2100000165285,"2019 Patagonia Womens Snowbelle Stretch Snow Pant in Black XS",1
m2100000166107,"2019 Patagonia Womens Nano Puff Jacket in Black S",1
m2100000166053,"2019 Patagonia Womens Nano Puff Jacket in Arrow Red M",1
m2100000165124,"2019 Patagonia Womens Insulated Snowbelle Snow Jacket in Cargo Green S",1
m2100000165230,"2019 Patagonia Womens Departer Snow Jacket in Marigold S",1
m2100000166008,"2019 Patagonia Mens Synch Snap T Pullover Lightweight Fleece in Black w/Forge Grey XL",1
m2100000165605,"2019 Patagonia Mens Nano Puff Jacket in Forge Grey L",1
m2100000165926,"2019 Patagonia Mens Micro D Pullover Fleece in Feather Grey XL",1
m2100000189625,"2019 Patagonia Girls Snowbelle Pant in Black M",1
m2100000189632,"2019 Patagonia Girls Snowbelle Pant in Black L",1
m2100000189571,"2019 Patagonia Girls Snowbelle Jacket in Vjosa Green M",1
m2100000189601,"2019 Patagonia Girls Pine Grove Jacket in Stone Blue M",1
m2100000189663,"2019 Patagonia Boys Snowshot Pant in Black L",1
m2100000060610,"2018 Patagonia Womens Insulated Snowbelle Snow Pant in Black L",1
m2100000134786,"2019 Nitro Venture TLS Snowboard Boot in Black and Charcoal 9.5",1
m2100000134410,"2019 Nitro Venture Pro TLS Snowboard Boot in Black 13.5",1
m2100000134670,"2019 Nitro Venture Pro Standard Lace Snowboard Boot in Black 11.5",1
m2100000135219,"2019 Nitro Thunder TLS Snowboard Boot in Black 8.5",1
m2100000135202,"2019 Nitro Thunder TLS Snowboard Boot in Black 8",1
m2100000137824,"2019 Nitro Rippper Kids Snowboard 106",1
m2100000137879,"2019 Nitro Ripper Youth Snowboard 137",1
m2100000136292,"2019 Nitro Monarch TLS Womens Snowboard Boot in Black 8.5",1
m2100000129430,"2019 L1 AMERICANA Snowboard Pant in VINTAGE CAMO L",1
m2100000163809,"2019 Holden Womens Standard Skinny Snow Pant in Black XS",1
m2100000163755,"2019 Holden Womens Standard Pant Snow Pant in Black XS",1
m2100000163878,"2019 Holden Womens Lennox Snow Pant in Camo M",1
m2100000163441,"2019 Holden Mens Natural Dye Watch Beanie in Yellow",1
m2100000163465,"2019 Holden Mens Natural Dye Grayfox Beanie in Black",1
m2100000164479,"2019 Holden Mens Highland Bib Snow Pant in Black L",1
m2100000081189,"2018 Holden Womens Willow Vest in Navy Blue M",1
m2100000161041,"2019 Electric EG2.5 Snow Goggle in Dark Side Tortoise Frames, with a Brose Lens and Yellow Green Bonus Lens",1
m2100000161010,"2019 Electric EG2 Snow Goggle in Dark Side Tortoise Frames, with a Brose Lens and Yellow Green Bonus Lens",1
m2100000184033,"2019 Electric Charger Goggle in Matte White with Brose Lens",1
m2100000149551,"2019 Dragon X1 Snow Goggle in Echo Tech with a Lumalens Photochromic Clear Lens",1
m2100000193394,"2019 Dragon D1 Lumalens Replacement Lens in Silver Ion",1
m2100000193370,"2019 Dragon D1 Lumalens Replacement Lens in Red Ion",1
m2100000193332,"2019 Dragon D1 Lumalens Replacement Lens in Purple Ion",1
m2100000193417,"2019 Dragon D1 Lumalens Replacement Lens in Pink Ion",1
m2100000193318,"2019 Dragon D1 Lumalens Replacement Lens in Gold Ion",1
m2100000193356,"2019 Dragon D1 Lumalens Replacement Lens in Flash Blue Ion",1
m2100000193455,"2019 Dragon D1 Lumalens Replacement Lens in Amber",1
m2100000210077,"2019 Dickies Relaxed Fit Rip Stop Cargo Pant in Grey 32/32",1
m2100000152933,"2019 DAKINE WOMENS INVERNESS PANT in BLACK XS",1
m2100000152681,"2019 DAKINE TRACKER MITT in BLACK K/M",1
m2100000152674,"2019 DAKINE TRACKER MITT in BLACK K/L",1
m2100000152629,"2019 DAKINE TRACER MITT in PATCHES M",1
m2019034659,"2019 Nitro Prime Toxic Snowboard - 155",0
m193391297040,"Vans 2019 Park Series Sweatshirt in Grey - S",0
m193391296791,"Vans 2019 Park Series Sweatshirt in Grey - M",0
m193391296845,"Vans 2019 Park Series Sweatshirt in Grey - L",0
m2019030591,"Vans 2019 Park Series Sweatshirt in Grey - YOUTH S",0
m2019030592,"Vans 2019 Park Series Sweatshirt in Grey - YOUTH M",0
m2019030593,"Vans 2019 Park Series Sweatshirt in Grey - YOUTH L",0
m2019030594,"Vans 2019 Park Series Sweatshirt in Grey - YOUTH XL",0
m193391297033,"Vans 2019 Park Series Beanie in Black",0
m193391296784,"Vans 2019 Park Series Snapback Hat in Black",0
m889262797794,"2018 ES Accel Slim Plus Skate shoe in Black - 11",0
m889262797855,"2018 ES Accel Slim Plus Skate shoe in Black - 12",0
m889262798128,"2018 ES Accel Slim Plus Skate shoe in Black - 8",0
m889262798159,"2018 ES Accel Slim Plus Skate shoe in Black - 8.5",0
m889262798180,"2018 ES Accel Slim Plus Skate shoe in Black - 9",0
m889262798210,"2018 ES Accel Slim Plus Skate shoe in Black - 9.5",0
m889262797732,"2018 ES Accel Slim Plus Skate shoe in Black - 10",0
m889262797763,"2018 ES Accel Slim Plus Skate shoe in Black - 10.5",0
m2019030327,"2019 Holden Mens Icon Badge Cap in Black",0
m2100000192656,"2019 Winterstick Roundtail Snowboard in Black 158",0
m2100000190966,"2019 Winterstick Party Wave Snowboard 159",0
m2100000191017,"2019 Winterstick ARK Snowboard 158",0
m2100000156047,"2019 Volcom Winrose Insulated Womens Snow Jacket in Camouflage M",0
m2100000155873,"2019 Volcom Species Stretch Womens Snow Pant in Black M",0
m2100000155835,"2019 Volcom Mira Womens Snow Pant in Black M",0
m2100000155972,"2019 Volcom Knox Insulated Gore Tex Womens Snow Pant in Black M",0
m192826006448,"2019 Vans Drill Chore Jacket in Black - M",0
m2100000159321,"2019 North Face Womens Kras Snow Jacket in Trans Blue S",0
m2100000159291,"2019 North Face Womens Freedom Pant in Black S",0
m2100000159161,"2019 North Face Davenport Pullover in Asphalt Grey L",0
m2100000165131,"2019 Patagonia Womens Insulated Snowbelle Snow Jacket in Cargo Green M",0
m2100000165797,"2019 Patagonia Mens R1 Pullover Fleece in Black XL",0
m2100000189595,"2019 Patagonia Girls Snowbelle Jacket in Vjosa Green XL",0
m2100000189670,"2019 Patagonia Boys Snowshot Pant in Black M",0
m2100000162826,"2019 Oakley O Frame 2.0 XL Snow Goggle in Matte Black with a Fire and Persimon Lens",0
m2100000132980,"2019 Nitro Charger Mini Kids Snowboard Binding in Black S",0
m2100000132973,"2019 Nitro Charger Kids Snowboard Binding in Black M",0
m2100000163816,"2019 Holden Womens Standard Skinny Snow Pant in Black S",0
m2100000178476,"2019 Dickies Slim Flex Industrial Short in Khaki 32",0
m2100000153152,"2019 DAKINE WOMENS WEATHERBY JACKET in BLACK / MADISON M",0
m2100000152957,"2019 DAKINE WOMENS INVERNESS PANT in BLACK S",0
m2100000152964,"2019 DAKINE WOMENS INVERNESS PANT in BLACK M",0
m2100000153114,"2019 DAKINE TRANSFER JACKET in LAGOON / BALSAM GREEN L",0
m2100000152599,"2019 DAKINE TRACER MITT in PATCHES L",0
m193391297347,"Vans 2019 Park Series Sweatshirt in Grey - XXL",-1
m2100000166046,"2019 Patagonia Womens Nano Puff Jacket in Arrow Red S",-1
