Category_Name,title,inventory
Mens,"21/22 Consignment Roxy envi Snowboard Walkingshaw",1
Mens,"21/22 Consignment salomon idol Snowboard Walkingshaw",1
Mens,"21/22 Consignment Never Summer Evo Snowboard Walkingshaw",1
Mens,"21/22 Consignment Burton Pumch youth snowboard Wood",1
Mens,"2022 Salmon Arms Stomp Pad in Blue",1
Mens,"Demon Faktor Skate Helmet in White Size Large",1
Mens,"Pro-tec Classic Skate helmet in Retro Pink Size Large",1
shoes,"Converse Cons One Star Pro in 90's Pink and Black - 6",1
shoes,"Converse Cons One Star Pro in 90's Pink and Black - 6.5",1
shoes,"Converse Cons One Star Pro in 90's Pink and Black - 7",1
shoes,"Converse Cons One Star Pro in 90's Pink and Black - 7.5",1
shoes,"Converse Cons One Star Pro in 90's Pink and Black - 8",1
shoes,"Converse Cons One Star Pro in 90's Pink and Black - 8.5",1
shoes,"Converse Cons One Star Pro in 90's Pink and Black - 9.5",1
shoes,"Converse Cons One Star Pro in 90's Pink and Black - 10",1
shoes,"Converse Cons One Star Pro in 90's Pink and Black - 10.5",1
shoes,"Vans AVE Skate Shoe in Navy and Dark Gum - 8",1
shoes,"Vans AVE Skate Shoe in Navy and Dark Gum - 8.5",1
shoes,"Vans AVE Skate Shoe in Navy and Dark Gum - 9",1
shoes,"Vans AVE Skate Shoe in Navy and Dark Gum - 9.5",1
shoes,"Vans AVE Skate Shoe in Navy and Dark Gum - 10.5",1
shoes,"Vans AVE Skate Shoe in Navy and Dark Gum - 11",1
shoes,"Vans AVE Skate Shoe in Navy and Dark Gum - 12",1
shoes,"21/22 Consignment United shapes Covert Splitboard 152 with skins Gessesse",1
skates,"21/22 Consignment 32 tm-3 boot size 9.5 Cimmino",1
shoes,"Vans Skate Slip On Shoe in Public Gray - Mens 10.5m, Womens 12",1
shoes,"Vans Skate Slip On Shoe in Public Gray - Mens 11",1
Accessories,"21/22 Consignment Nitro x Volcom Beast 157 Carter",1
Accessories,"21/22 Consignment Salomon Blk bod Pearl size 6 Robbins",1
Accessories,"21/22 Consignment Burton One Hitter 152- Adam T",1
Accessories,"21/22 Consignment Burton Hometown Hero 156- Adam T",1
Mens,"Stance Hyper Stripe Crew Sock in Black - M",1
skates,"21/22 Consignment Nitro x Volcom Beast 157 Carter",1
"Consignment ","21/22 Consignment Vans Ferra Pro Boot Womens 7 Cimmino",1
"Consignment ","21/22 Consignment Burton Malavita Est Bidning Size M- Boliba",1
"Bags and Luggage","Shorty's Doh Doh Replacement Bushing in Orange Medium soft 92a",1
Mens,"Theories Theoramid Skate Wax",1
shoes,"Converse Sample Shoe - 10.5",1
shoes,"Converse Sample Shoe - 11",1
Accessories,"Independent B/C Groundwork Shoreman Beanie in Black",1
shoes,"Converse Louie Lopez Pro OX in Mason/Egret - 6.5",1
shoes,"Converse Louie Lopez Pro OX in Mason/Egret - 7",1
Mens,"2022 Salmon Arms Stomp Pad in Rust",1
Mens,"2022 Salmon Arms Stomp Pad in Green",1
Mens,"2022 Salmon Arms Stomp Pad in Yellow",1
Mens,"2022 Salmon Arms Stomp Pad in Black",1
Mens,"2022 Salmon Arms Watchman Beanie in Olive",1
Mens,"2022 Salmon Arms Watchman Beanie in Grey",1
Mens,"2022 Salmon Arms Yellow Airblaster X Arms Overmitt - S",1
Mens,"2022 Salmon Arms Blue Airblaster Arms Overmitt - S",1
Mens,"2022 Salmon Arms Bones Overmitt - L",1
Mens,"2022 Salmon Arms Mt Mountain in Green Glove - S",1
Mens,"2022 Salmon Arms Mt Mountain in Green Glove - L",1
Mens,"2022 Salmon Arms Blue and Tan Stripes Classic Mitt - M",1
Mens,"2022 Salmon Arms Nort Face Classic Mitt - M",1
snow,"20/21 Consignment Ride Fuse Boots in Black Size 9 Smith",1
snow,"20/21 Consignment Ride Anchor Boots in Black Size 9 Smith",1
snow,"20/21 Consignment Ride Anchor Boots in Yellow Size 9 Smith",1
snow,"20/21 Consignment Ride Anchor Boots Size 9 Smith",1
Mens,"Vans Micro Dazed Egg Long Sleeve Shirt in Speedpearl - M",1
shoes,"Converse Louie Lopez Pro in Back Alley Brick - 8",1
skates,"2021 Vans Old Skool Mte in Nubuck/black - 7.5",1
skates,"20/21 Consignment Vans Infuse Boots Size 8- Taxwood",1
shoes,"Converse One Star CC Pro Slip Skate Shoe in Black and White - 11",1
shoes,"Converse Louie Lopez Pro OX in Rubber Backed Leather Black Black and White - 10.5",1
skates,"2021 Vans Old Skool Mte in Nubuck/black - 6",1
skates,"20/21 consignment vans infuse size 8- Taxwood",1
shoes,"Converse CTAS Pro OX in Black and White - 6",1
skates,"GX1000 Skate Deck in 8.375""",1
snow,"20/21 Consignment Thirty Two Zephyr Quick-Lace Boots Size 8- Fox",1
Accessories,"Vans Skate Era Breana Geering in Marshmallow/Black - 6.5",1
shoes,"Converse Louie Lopez Pro in Black Black and White - 8",1
skates,"2021 Vans Old Skool Mte in Nubuck/black - 5.5",1
shoes,"Converse Louie Lopez Pro OX in Rubber Backed Leather Black Black and White - 7",1
skates,"2021 Vans Old Skool Mte in Nubuck/black - 3.5",1
skates,"20/21 consignment arbor annex Griffin",1
Mens,"2021 Coal The Robertson Athletic Trucker Cap in Black",1
snow,"20/21 Consignment Milosport Milly Snowboard 155 England",1
shoes,"Converse Louie Lopez Pro in Sunflower Gold and White - 7.5",1
Accessories,"Coal Bushwood Reversable Bucket Hat in Black - M",1
shoes,"Converse CTAS Pro OX in Black and White - 7.5",1
skates,"2021 Vans Old Skool Mte in Nubuck/black - 5",1
shoes,"20/21 consignment burton 131 kids board Bowers",1
skates,"20/21 consignment burton Jeremy Jones 151 jones",1
snow,"Primitive Skate Wheels in 99a in 50 mm",1
Mens,"Converse CTAS Pro OX Skate Shoe in Rush Blue and White - 7",1
shoes,"Converse CTAS Pro OX in Black and White - 11",1
Accessories,"Vans Skate Era Breana Geering in Marshmallow/Black - 7",1
shoes,"Converse CTAS Pro Hi Skate Shoe in Gold Dart and White - 8",1
skates,"2021 Vans Old Skool Mte in Nubuck/black - 4",1
shoes,"Converse CTAS Pro Hi Skate Shoe in Black, Black, Black - 9.5",1
shoes,"Adidas Superstar ADV Skate Shoe in Core Black and White and Gold - 10.5",1
shoes,"Converse Louie Lopez Pro in Back Alley Brick - 8.5",1
snow,"20/21 Consignment 146 Burton Talent Scout Leadholm",1
skates,"2021 Vans Old Skool Mte in Nubuck/black - 6.5",1
Mens,"Milosport Hyper Puff 33 Insulator Jacket in Black - L",1
shoes,"Converse CTAS Pro OX in Black and White - 10",1
"Consignment ","20/21 Consignment Womens Lashed Double Boa in Sz 6 Pace",1
shoes,"20/21 consignment ride machete jr. w/ bindings oladi",1
skates,"20/21 Consignment Salomon Defender Bindings Medium Varga",1
shoes,"Converse One Star CC Pro Slip Skate Shoe in Black and White - 12",1
Accessories,"2021 Smith Squad Mag Goggle with Black Frame and a Chromapop Everyday Green Mirror lens",1
snow,"2020 Arva Reactor 18 Backpack",1
skates,"2021 Vans Old Skool Mte in Nubuck/black - 4.5",1
skates,"20/21 Consignment Atomic Split 163 with Skins Varga",1
shoes,"Converse Louie Lopez Pro in Black Black and White - 8.5",1
Accessories,"Converse Standard Fit Tee in Yellow - S",1
shoes,"Converse CTAS Pro Ox Low in Black and Black - 10.5",1
Accessories,"Vans Skate Era Breana Geering in Marshmallow/Black - 6",1
Mens,"Converse CTAS Pro OX Skate Shoe in Rush Blue and White - 10.5",1
shoes,"2021 Vans Sk8 Hi MTE 2.0 DX in Glazed Ginger and Marshmallow - 10.5",1
skates,"20/21 consignment vans step ins size 8.5 Mcknealy",1
skates,"20/21 consignment sims 147 w/step ins Mcknealy",1
shoes,"Converse Louie Lopez Pro in Black Black and White - 11",1
shoes,"Converse CTAS Pro Hi Skate Shoe in Black Black White - 9.5",1
shoes,"Converse CTAS Pro Hi Skate Shoe in Black Black White - 10.5",1
Accessories,"Vans Skate Era Breana Geering in Marshmallow/Black - 7.5",1
"Consignment ","20/21 Consignment Salomon Speedway 165 stone",1
shoes,"Converse One Star CC Pro Slip Skate Shoe in Black and White - 7",1
shoes,"Converse Louie Lopez Pro in Black Black and White - 10",1
Accessories,"Dang Shades Plz Logo Beanie - Green",2
Accessories,"Dang Shades Plz Logo Beanie - Black",2
Accessories,"Dang Shades Plz Logo Beanie - Orange",2
Mens,"Pro-Tec Classic Skate Helmet in Glow in the Dark White Size Large",2
shoes,"Converse Cons One Star Pro in 90's Pink and Black - 9",2
shoes,"Vans AVE Skate Shoe in Navy and Dark Gum - 10",2
Women,"Stance Thrive Crew Sock in Off White - S",2
Mens,"Stance Baron Sock in Black - L",2
Mens,"2022 Salmon Arms Watchman Beanie in Rust",2
Mens,"2022 Salmon Arms Watchman Beanie in Blue",2
Mens,"2022 Salmon Arms Olive and Tan Arms Overmitt - L",2
Mens,"2022 Salmon Arms Skulls Overmitt - L",2
Mens,"2022 Salmon Arms Mt Mountain in Green Glove - M",2
Mens,"2022 Salmon Arms Blue and Tan Stripes Classic Mitt - L",2
Mens,"2022 Salmon Arms Salmon Army Classic Mitt - M",2
Mens,"2022 Salmon Arms Salmon Army Classic Mitt - L",2
Mens,"2022 Salmon Arms Nort Face Classic Mitt - L",2
Mens,"2022 Salmon Arms Stay Hungry Team Mitt - M",2
Mens,"2022 Salmon Arms Stay Hungry Team Mitt - L",2
shoes,"Converse One Star CC Pro Slip Skate Shoe in Black and White - 10.5",2
Accessories,"Coal Bushwood Reversable Bucket Hat in Black - L",2
shoes,"Converse One Star CC Pro Slip Skate Shoe in Black and White - 9.5",2
shoes,"Converse CTAS Pro Hi Skate Shoe in Black, Black, Black - 10.5",2
shoes,"Converse One Star Pro Mid in Navy and White - 11",2
skates,"Krux Ledge Love Curb Wax",2
shoes,"Converse Louie Lopez Pro in Black Black and White - 7",2
Mens,"Stance Brain Ded Sock in Off White - M",3
Mens,"Stance Baron Sock in Black - M",3
Mens,"Yocaher 3mm Riser pad set",3
Mens,"2022 The North Face Salty Dog Beanie in TNF Light Grey Heather",3
Mens,"2022 Salmon Arms Yellow Airblaster X Arms Overmitt - L",3
Mens,"2022 Salmon Arms Blue Airblaster Arms Overmitt - L",3
shoes,"Converse Louie Lopez Pro in Black Black and White - 8",3
skates,"Santa Cruz Slimline Skate Rails in Pink",3
skates,"SML Austyn Gillette OG wide 99a 52mm",3
Mens,"Stance Hyper Stripe Crew Sock in Black - L",4
Women,"Stance Sunshine Stripe Crew Sock in Off White - M",4
Accessories,"The Bomb Hole Green Franchise Beanie",4
"Bags and Luggage","Shorty's Doh Doh Replacement Bushing in White Really Hard 98a",4
Mens,"Yocaher 1/4" Riser pad set"",4
Mens,"2022 Autumn Simple Vintage Beanie in Rust",4
shoes,"Converse CTAS Pro OX in Black and White - 10.5",4
Mens,"Stance Spida Dunk Sock in Navy - M",5
Mens,"Stance Suited Sock in Heather Grey - M",5
Mens,"Stance The Office Supplies Sock in Heather Grey - L",10
Mens,"Stance Dewitt Crew Sock in Black - L",10
Mens,"Stance Land And Sea Sock in Off White - L",10
Mens,"Stance Que Crew Sock in Heather Grey - L",10
Mens,"Stance Suited Sock in Heather Grey - L",11
skates,"Bones Vato 1/8'' Riser Pads",23
Mens,"Independent GP-S Skateboard Bearings",23
Accessories,"Snowboarder Mag "Tangle"" Video"",64
skates,"Milosport Conical Love Logo Skateboard Wheels in 99a Durometer - 54mm",73
