CustID,FirstName,LastName,Email,Address,City,State,Phone,Zip,,
100001,Charles,Creighton,ccreighton@gmail.com,319 Bohemia Ave.,Waldorf,MD,582-444-4299,20601,,
100002,Paulina,Paulina,ppaulina@gmail.com,72 Schoolhouse Ave.,Fall River,MA,505-644-5923,2720,,
100003,Brock,Miskin,bmiskin@gmail.com,430 Pennsylvania Avenue,Seymour,IN,582-333-1258,47274,,
100004,Jared,Gutowski,jgutowski@gmail.com,7901 Lees Creek Rd.,Waldorf,MD,408-200-9132,20602,,
100005,John,Salamanca,jsalamanca@gmail.com,98 Marconi Ave.,New Bern,NC,219-802-0896,28560,,
100006,O'Lynn,Elliott,olynn.elliott7@gmail.com,82 N. Devonshire Lane,Bethpage,NY,408-771-1193,11714,,
100007,Coralia,Oyarzun,coyarzun@yahoo.com,444 Sheffield Drive,Waldorf,MD,582-302-4128,20603,,
100008,Kristof,Kaye,kkaye@yahoo.com,15 Madison St.,North Bergen,NJ,207-753-3046,7047,,
100009,Mckenna,Evans,mckenna.elliott@gmail.com,7340 South Rd.,Elkhart,IN,505-432-2865,46514,,
100010,Maxwell,Williams,mwilliams@gmail.com,7812 Fairview Drive,Waldorf,MD,208-505-6155,20604,,
100011,Taylor,Monney,tmonney@gmail.com,459 North Lyme St.,Front Royal,VA,505-561-4375,22630,,
100012,Kade,Carter,kcarter@gmail.com,54 S. Oak St.,Cranston,RI,914-266-8351,2920,,
100013,Paul,Derderian,pderderian@gmail.com,591A Blackburn Dr.,Waldorf,MD,319-227-7966,20605,,
100014,Anthony,Deluca,adeluca@gmail.com,5 Fairway Dr.,Columbia,MD,408-823-7141,21044,,
100015,Miranda,Wessman,mwessman@gmail.com,496 Redwood Street,Oak Ridge,TN,220-557-5007,37830,,
100016,Steven,Ackerman,sackerman@gmail.com,519 Augusta St.,Waldorf,MD,582-300-8346,20606,,
100017,Shea,Ackerman,sackerman@gmail.com,7 Old Ramblewood St.,West Palm Beach,FL,505-520-5242,33404,,
100018,Carter,Jefferies,cjefferies@gmail.com,9219 New Saddle Ave.,Oconomowoc,WI,310-913-9340,53066,,
100019,Darrell,Keyes,dkeyes@gmail.com,9407 Glenridge Road,Waldorf,MD,582-482-6261,20607,,
100020,Jake,Walters,jakewalters11@gmail.com,785 Willow St.,Colorado Springs,CO,582-222-5806,80911,,
100021,Bonnier,Moulton,bmoulton@gmail.com,142 Plymouth Lane,Williamsburg,VA,205-863-3092,23185,,
100022,Fangfei,Lan,flan@gmail.com,102 Dunbar Rd.,Waldorf,MD,582-200-9957,20608,,
100023,Alexandra,Dixon,adixon@gmail.com,8567 Princess Street,Fair Lawn,NJ,505-609-5625,7410,,
100024,Keldon,Weidkamp,kweidkamp@gmail.com,143 Tunnel St.,Hallandale,FL,202-533-2868,33009,,
100025,Nolan,Paini,npaini@gmail.com,973 Lower River St.,Waldorf,MD,208-633-8878,20609,,
100026,Charles,Oppliger,coppliger@gmail.com,669 Lakeview Street,Hanover,PA,402-845-8869,17331,,
100027,Christopher,West,cwest@gmail.com,874 Marconi Ave.,Sunnyside,NY,203-327-2836,11104,,
100028,Ollie,Barrow,obarrow@gmail.com,251 West Wilson Street,Waldorf,MD,409-819-4521,20610,,
100029,Charles,Murphy,cmurphy@gmail.com,277 S. Carson Lane,Nampa,ID,582-777-0605,83651,,
100030,Bryce,Johnson,bjohnson@gmail.com,817 West Trout St.,Batavia,OH,582-400-6773,45103,,
100031,Degan,Wagstaff,dwagstaff@gmail.com,854 North Virginia St.,Waldorf,MD,582-400-5344,20611,,
100032,Ethan,Bell,ebell@gmail.com,7256 Catherine Ave.,Dallas,GA,582-200-3361,30132,,
100033,William,Thompson,wthompson@gmail.com,17 Pennsylvania Ave.,Prior Lake,MN,435-888-9324,55372,,
100034,Joe,Kieffer,jkieffer@gmail.com,43 N. Bay Meadows Avenue,Waldorf,MD,207-614-7976,20612,,
100035,Jesse,Coss,jcoss@gmail.com,252 East Logan Street,Allen Park,MI,203-772-9550,48101,,
100036,Seth,Hulse,shulse@gmail.com,7958 Miller Street,Metairie,LA,215-646-5697,70001,,
100037,Stephen,Tanney,stanney@gmail.com,346 Prairie St.,Waldorf,MD,225-408-4496,20613,,
100038,Tucker,Pratt,tpratt@gmail.com,449 Roberts Rd.,Palm Bay,FL,341-733-2109,32907,,
100039,Andrew,Young,ayoung@gmail.com,25 Brandywine St.,Philadelphia,PA,582-583-0395,19111,,
100040,Leeann,Carpenter,leeannmcarp@gmail.com,185 Ryan Dr.,Waldorf,MD,582-442-3470,20614,,
100041,Richard,Musser,rmusser@yahoo.com,662 Cherry Hill Dr.,Westerville,OH,582-282-7412,43081,,
100042,Christopher,Warburton,cwarburton@yahoo.com,9 Manchester St.,Wheeling,WV,505-644-5488,26003,,
100043,David,Tarr,dtarr@yahoo.com,177 East Lower River Rd.,Waldorf,MD,505-644-5106,20615,,
100044,Mr,Vargas,mvargas@yahoo.com,76 W. River Rd.,Hamden,CT,326-639-4484,6514,,
100045,Spencer,Romney,sromney@yahoo.com,74 Essex Drive,Pikesville,MD,582-442-5837,21208,,
100046,Terry,Cohen,terry@inland.surf,8409 Studebaker Ave.,Waldorf,MD,234-402-5685,20616,,
100047,Brian,Rees,brees@gmail.com,590 Beacon Drive,Hixson,TN,505-890-8122,37343,,
100048,Joshua,Hovermale,jhovermale@gmail.com,8576 South Wagon St.,Saginaw,MI,215-581-2048,48601,,
100049,Vinicio,Reynosa,vreynosa@gmail.com,94 Peachtree Ave.,Waldorf,MD,213-576-6210,20617,,
100050,Aracely,Banos,abanos@gmail.com,279 Del Monte Street,Bardstown,KY,582-222-5426,40004,,
100051,Joe,Morozin,jmorozin@gmail.com,7516 South Sussex Ave.,Clemmons,NC,301-989-1568,27012,,
100052,Trevor,Brady,tbrady@gmail.com,9740 Cottage Lane,Waldorf,MD,215-541-5699,20618,,
100053,Nicole,Meserole,nmeserole@gmail.com,764 East Drive,Ames,IA,582-333-0983,50010,,
100054,Max,Kibrick,mkibrick@gmail.com,8968 Yukon St.,Tucker,GA,313-364-0149,30084,,
100055,Easton,Clark,eclark@gmail.com,102 Broad St.,Waldorf,MD,414-202-0472,20619,,
100056,Saundie,Francom,sfrancom@gmail.com,344 North Manor Station St.,Sun City,AZ,810-575-7073,85351,,
100057,Noah,Johnson,njohnson@gmail.com,9844 Virginia St.,Kings Mountain,NC,582-583-7276,28086,,
100058,Michael,Entwistle,mentwistle@gmail.com,783 Wild Rose St.,Waldorf,MD,302-855-5796,20620,,
100059,Jaxon,Hobbs,jhobbs@gmail.com,35 North Ocean Rd.,Hope Mills,NC,417-218-8514,28348,,
100060,Lucas,Coelho,lcoelho@gmail.com,103 North Bald Hill St.,Peachtree City,GA,339-499-4177,30269,,
100061,Harrison,Fitch,hfitch@gmail.com,681 Bradford Street,Waldorf,MD,209-290-6365,20621,,
100062,Daryl,Deprey,ddeprey@gmail.com,50 Hill Field Court,Brownsburg,IN,351-781-6756,46112,,
100063,Preston,Reid,preid@gmail.com,782 S. Manor Street,South Bend,IN,582-222-0849,46614,,
100064,Dayna,Shoell,dshoell@gmail.com,8896 E. Bellevue St.,Waldorf,MD,582-682-7405,20622,,
100065,Reggie,Rhoades,rrhoades@gmail.com,940 Valley St.,Snellville,GA,326-901-4050,30039,,
100066,Austen,Blohm,ablohm@gmail.com,7577 Sunset Road,Dedham,MA,321-492-3289,2026,,
100067,Brendan,Lovelock,blovelock@gmail.com,785 Jones St.,Waldorf,MD,304-509-1141,20623,,
100068,Brendan,Lovelock,blovelock@gmail.com,18 Sugar Rd.,Reading,MA,505-728-0093,1867,,
100069,Jack,Zakelj,jzakelj@gmail.com,69 N. Locust Ave.,Yorktown Heights,NY,231-354-3924,10598,,
100070,Zeus,Torres,ztorres@gmail.com,9468 E. Creekside Street,Waldorf,MD,209-675-1712,20624,,
100071,Maxime,Bodnar,mbodnar@gmail.com,143 Sunnyslope Ave.,Oklahoma City,OK,423-724-9594,73112,,
100072,Maxwell,Test,mtest@gmail.com,556 Chapel Ave.,Howard Beach,NY,308-841-3095,11414,,
100073,Oliver,Lyon,olyon@gmail.com,115 West Gregory St.,Waldorf,MD,223-622-7404,20625,,
100074,Oliver,Lyon,olyon@gmail.com,263 NE. 53rd Street,Findlay,OH,582-333-6796,45840,,
100075,James,Lobato,jlobato@gmail.com,8943 Marshall Road,Clover,SC,582-222-5201,29710,,
100076,Terry,Cohen,tcohen@gmail.com,242 Applegate Road,Waldorf,MD,309-293-2449,20626,,
100077,Kenneth,Whipple,kwhipple@gmail.com,792 W. Blue Spring Dr.,Port Huron,MI,719-339-2846,48060,,
100078,Arturo,Borja,aborja@gmail.com,46 South Pennsylvania Ave.,Newington,CT,201-434-3028,6111,,
100079,Matt,Mclought,mmclought@gmail.com,792 Warren Dr.,Waldorf,MD,582-583-6749,20627,,
100080,Destry,Bassett,dbassett@gmail.com,172 Tallwood Street,Mahopac,NY,252-437-2307,10541,,
100081,Braxton,Bassett,bbassett@gmail.com,963 N. Bank Street,Saint Albans,NY,582-222-4673,11412,,
100082,Jesse,Coss,jcoss@gmail.com,266 Morris Rd.,Waldorf,MD,505-281-1189,20628,,
100083,Brecken,Mills,bmills@gmail.com,804 Lawrence Dr.,Louisville,KY,346-664-1645,40207,,
100084,Carolyn,Carter,ccarter@gmail.com,8062 Academy Ave.,Frankfort,KY,303-848-7126,40601,,
100085,Thomas,Miller,tmiller@gmail.com,891 Hilltop St.,Waldorf,MD,217-703-4727,20629,,
100086,Jeffrey,Pullan,jpullan@gmail.com,321 4th Drive,Depew,NY,219-899-5513,14043,,
100087,Holly,Alden,halden@gmail.com,299 53rd Street,Marysville,OH,326-664-1193,43040,,
100088,Jessie,Murphy,jmurphy@gmail.com,4 Grand Road,Waldorf,MD,219-817-4600,20630,,
100089,Ashley,Bernardi,abernardi@gmail.com,82 Madison Street,Port Jefferson Station,NY,417-922-5628,11776,,
100090,Tom,Laxton,tlaxton@gmail.com,7723 North Oakland Rd.,Patchogue,NY,582-333-8960,11772,,
100091,Craig,Gelman,cgelman@gmail.com,7200 Grandrose St.,Waldorf,MD,505-644-2719,20631,,
100092,Jack,Parker,jparker@gmail.com,136 Surrey Court,Blacksburg,VA,207-417-3497,24060,,
100093,Cooper,Llewelyn,cllewelyn@gmail.com,9263 Belmont Street,Brunswick,GA,210-448-0129,31525,,
100094,Robert,Devoe,rdevoe@gmail.com,89 Old Forest Dr.,Waldorf,MD,407-723-8417,20632,,
100095,David,Driscoll,ddriscoll@gmail.com,11 Hawthorne Ave.,Belleville,NJ,209-508-7025,7109,,
100096,Howes,Harrington,hharrington@gmail.com,46 Wakehurst St.,North Andover,MA,582-282-2569,1845,,
100097,Nicholas,Zeman,nzeman@gmail.com,42 Creekside St.,Waldorf,MD,505-644-8729,20633,,
100098,Kaidyn,Mardini,kmardini@gmail.com,327 East Sunbeam Lane,Providence,RI,505-780-9451,2904,,
100099,Georgia,Drew,gdrew@gmail.com,648 Prairie St.,Goldsboro,NC,505-644-4146,27530,,
100100,Alexander,Sanchez,asanchez@gmail.com,65 Poplar Lane,Waldorf,MD,582-482-4612,20634,,
100101,Jose,Torres,jtorres@gmail.com,10 Gates Street,Canfield,OH,582-300-1834,44406,,
100102,Joshua,Packard,jpackard@gmail.com,7445 East Vernon St.,Ladson,SC,505-644-7775,29456,,
100103,Dylan,Woodbury,dwoodbury@gmail.com,681 Pine Road,Waldorf,MD,216-315-3328,20635,,
100104,Geddy,Moyle,gmoyle@gmail.com,7467 Iroquois Ave.,Charlottesville,VA,582-500-8858,22901,,
100105,Chloe,Metzger,cmetzger@gmail.com,9 Meadowbrook Ave.,Hummelstown,PA,318-372-1796,17036,,
100106,Addison,Aldous,aaldous@gmail.com,414 Oakwood Street,Waldorf,MD,207-636-4819,20636,,
100107,Peter,Carney,pcarney@gmail.com,22 Ryan Lane,Wausau,WI,201-744-3767,54401,,
100108,Montana,Anzalone,manzalone@gmail.com,78 Queen Drive,Newtown,PA,582-222-2774,18940,,
100109,Michael,Rodich,mrodich@gmail.com,8310 Birch Hill Lane,Waldorf,MD,201-964-5809,20637,,
100110,Brett,Seager,bseager@gmail.com,7681 Alderwood Rd.,Far Rockaway,NY,582-444-5322,11691,,
100111,Jim,Stork,jstork@gmail.com,9140 Henry Smith Street,Ypsilanti,MI,315-309-2258,48197,,
100112,Timothy,Lee,tlee@gmail.com,62 South Myers Road,Waldorf,MD,582-333-6848,20638,,
100113,Aaron,Schwendiman,aschwendiman@gmail.com,241 Wrangler Dr.,Casselberry,FL,505-687-6440,32707,,
100114,Brent,Amrhein,bamrhein@gmail.com,46 Prince Road,Ossining,NY,219-855-7348,10562,,
100115,Cort,Jackson,cjackson@gmail.com,212 Lake Ave.,Waldorf,MD,351-886-7268,20639,,
100116,Richard,Assenberg,rassenberg@gmail.com,9142 Elizabeth Drive,Lawrence,MA,505-644-1759,1841,,
100117,Hawkins,Dustin,hdustin@gmail.com,691 River Ave.,State College,PA,505-644-8183,16801,,
100118,Ryan,Boughton,rboughton@gmail.com,209 King Ave.,Waldorf,MD,582-442-4190,20640,,
100119,David,Mccarthy,dmccarthy@gmail.com,965 Central St.,Hyattsville,MD,346-599-7061,20782,,
100120,Matthew,Vanbuhler,mvanbuhler@gmail.com,6 Cactus Road,Middle Village,NY,646-311-5997,11379,,
100121,Shane,Chappell,schappell@gmail.com,600 W. Peg Shop Avenue,Waldorf,MD,582-333-6892,20641,,
100122,Kevin,Cleary,kcleary@gmail.com,185 Bridle Court,Ashland,OH,582-333-9093,44805,,
100123,Jessica,Norris,jnorris@gmail.com,723 Wagon Ave.,Sykesville,MD,406-458-0646,21784,,
100124,Steven,Coombs,scoombs@gmail.com,8835 Hilldale Drive,Waldorf,MD,409-984-7459,20642,,
100125,Samuel,Siegler,ssiegler@gmail.com,651 Lees Creek Drive,Cranford,NJ,582-302-0797,7016,,
100126,Jacob,Graf,jgraf@gmail.com,69 Vale St.,Kearny,NJ,305-548-3114,7032,,
100127,Patrick,Sanger,psanger@gmail.com,10 Wintergreen St.,Waldorf,MD,582-300-8716,20643,,
100128,Christina,Yoo,cyoo@gmail.com,7 Willow St.,Saint Augustine,FL,319-689-8434,32084,,
100129,Michael,Lewis,mlewis@gmail.com,8 Amherst St.,Doylestown,PA,309-322-6490,18901,,
100130,Morgan,Jennings,mjennings@gmail.com,9 North Selby St.,Waldorf,MD,206-829-8599,20644,,
100131,Alexander,Frazier,afrazier@gmail.com,11 East Hill Dr.,North Brunswick,NJ,207-521-5238,8902,,
100132,Ryan,Clarkson,rclarkson@gmail.com,919 E. Deerfield Lane,Waukegan,IL,201-423-9526,60085,,
100133,Michael,Halls,mhalls@gmail.com,9145 Garden Drive,Waldorf,MD,582-302-8947,20645,,
100134,Brian,Jones,bjones@gmail.com,8314 Gates St.,Norcross,GA,210-463-2672,30092,,
100135,Brett,Seager,bseager@gmail.com,8255 Glendale Court,Taylors,SC,206-388-9493,29687,,
100136,Calvin,Davidson,cdavidson@gmail.com,844 Temple Ave.,Waldorf,MD,582-333-1316,20646,,
100137,Blackburn,Sofia,bsofia@gmail.com,96 N. Ridgewood Street,Paramus,NJ,214-829-2833,7652,,
100138,Kevin,Richardson,krichardson@gmail.com,46 3rd Court,Decatur,GA,339-674-7568,30030,,
100139,Ryan,Lokteff,rlokteff@gmail.com,9163 Campfire Court,Waldorf,MD,276-617-6485,20647,,
100140,Nicholas,Zeman,nzeman@gmail.com,2 E. Wintergreen Drive,Roselle,IL,214-381-6091,60172,,
100141,Connor,Mccormick,cmccormick@gmail.com,8595 Central Court,Berwyn,IL,218-789-7687,60402,,
100142,Ben,Hopwood,bhopwood@gmail.com,8393 Galvin Lane,Waldorf,MD,582-282-0017,20648,,
100143,Zikomo,Hansen,zhansen@gmail.com,41 Smith Store Lane,Monroe,NY,218-385-1173,10950,,
100144,Calvin,Ross,cross@gmail.com,694 Trout Ave.,Austin,MN,210-554-7946,55912,,
100145,Calvin,Ross,cross@gmail.com,66 Sunnyslope Drive,Waldorf,MD,220-213-9743,20649,,
100146,Sharon,Lyman,slyman@gmail.com,85 E. 53rd Street,Lilburn,GA,582-529-5232,30047,,
100147,Meghan,Allsopp,mallsopp@gmail.com,91 South Santa Clara Avenue,Reidsville,NC,224-486-2976,27320,,
100148,Zole,Varga,zvarga@gmail.com,9608 Poplar St.,Waldorf,MD,307-537-7227,20650,,
100149,DJ,Casto,dcasto@gmail.com,811 Pennington Street,Scarsdale,NY,582-282-7166,10583,,
100150,Benny,Pellegrino,bpellegrino@gmail.com,53 Hall St.,Anderson,SC,209-628-7933,29621,,
100151,Dallen,Webster,dwebster@gmail.com,9 Illinois Ave.,Waldorf,MD,610-726-2000,20651,,
100152,Daniel,Hagan,dhagan@gmail.com,8 Summerhouse Lane,Laurel,MD,321-269-1218,20707,,
100153,Will,Sandberg,wsandberg@gmail.com,8754 Birch Hill Street,Canton,GA,307-534-8758,30114,,
100154,Sarah,Eyberg,seyberg@gmail.com,271 Glenlake Ave.,Waldorf,MD,318-918-0982,20652,,
100155,Kenneth,Reich,kreich@gmail.com,64 Middle River St.,Nottingham,MD,321-212-2925,21236,,
100156,Shawn,Wright,swright@gmail.com,9062 Princeton St.,Attleboro,MA,582-202-5197,2703,,
100157,Alexandre,Veilleux,aveilleux@gmail.com,818 Pendergast St.,Waldorf,MD,582-300-8000,20653,,
100158,Lund,Connor,lconnor@gmail.com,970 Water St.,Garner,NC,210-915-9414,27529,,
100159,Nathan,Gentry,ngentry@gmail.com,51 Trout Drive,Jamaica Plain,MA,234-972-0006,2130,,
100160,Joseph,Lacourse,jlacourse@gmail.com,8 Garfield Avenue,Waldorf,MD,309-263-6113,20654,,
100161,William,Dietz,wdietz@gmail.com,50 Argyle Street,Lady Lake,FL,314-696-9807,32159,,
100162,Hailee,Hutchings,hhutchings@gmail.com,9931 Summit Dr.,Olney,MD,239-924-3747,20832,,
100163,Kobe,Holt,kholt@gmail.com,423 Andover St.,Waldorf,MD,234-756-5049,20655,,
100164,Tin,Vuong,tvuong@gmail.com,8709 Old Eagle Ave.,Bloomington,IN,505-976-6947,47401,,
100165,Pehrson,Kambry,pkambry@gmail.com,4 Hickory Court,Endicott,NY,325-775-2149,13760,,
100166,Chaz,Lundgren,clundgren@gmail.com,36 Buckingham Drive,Waldorf,MD,313-903-0487,20656,,
100167,Kayley,Sweet,ksweet@gmail.com,395 Bradford Ave.,Coatesville,PA,582-666-9249,19320,,
100168,Rachael,Lewis,rlewis@gmail.com,211 E. Brandywine Court,Brandon,FL,215-601-6762,33510,,
100169,Julian,Hensarling,jhensarling@gmail.com,647 Pennsylvania St.,Waldorf,MD,203-924-1262,20657,,
100170,Christopher,Kawchak,ckawchak@gmail.com,754 Locust Lane,Delaware,OH,201-640-9443,43015,,
100171,Brent,Amrhein,bamrhein@gmail.com,724 Wakehurst St.,Flint,MI,302-297-7908,48504,,
100172,miriam,pilser,mpilser@gmail.com,696 Thorne St.,Waldorf,MD,582-201-1615,20658,,
100173,Christopher,Woodard,cwoodard@gmail.com,434 Santa Clara Drive,Commack,NY,209-949-7611,11725,,
100174,Shane,Ashby,sashby@gmail.com,71 Pumpkin Hill St.,Absecon,NJ,582-888-6431,8205,,
100175,Joshua,Mitchell,jmitchell@gmail.com,87 Trusel Road,Waldorf,MD,582-202-7858,20659,,
100176,Samuel,Tortorilla,stortorilla@gmail.com,8 Old Ketch Harbour Ave.,Benton Harbor,MI,207-736-9929,49022,,
100177,Brennan,Condie,bcondie@gmail.com,7 Bridle Drive,Peoria,IL,304-427-7069,61604,,
100178,Matthew,Schrier,mschrier@gmail.com,69 James Lane,Waldorf,MD,582-777-1994,20660,,
100179,Cache,Limbaugh,climbaugh@gmail.com,69 Catherine St.,Eden Prairie,MN,228-905-9407,55347,,
100180,James,Stroud,jstroud@gmail.com,874 Richardson St.,Midland,MI,582-222-4257,48640,,
100181,Luke,Autry,lautry@gmail.com,269 Richardson Ave.,Waldorf,MD,206-791-2787,20661,,
100182,Joe,Evans,jevans@gmail.com,419 Longfellow Drive,Zion,IL,213-991-4859,60099,,
100183,Shawn,Gruenhagen,sgruenhagen@gmail.com,265 Bridgeton Dr.,Portage,IN,312-857-0852,46368,,
100184,Justin,Hohl,jhohl@gmail.com,8102 Franklin Dr.,Waldorf,MD,215-673-3114,20662,,
100185,Evelyn,Beguiristain,ebeguiristain@gmail.com,429 Marlborough Street,Grand Rapids,MI,582-333-9449,49503,,
100186,Ollie,Barrow,obarrow@gmail.com,7715 Willow Street,Alliance,OH,304-784-7250,44601,,
100187,Braden,Gale,bgale@gmail.com,7408 Ryan Road,Waldorf,MD,417-637-1572,20663,,
100188,Connor,Robinson,crobinson@gmail.com,9424 East Wagon Drive,Leland,NC,218-285-3428,28451,,
100189,Merek,Treanor,mtreanor@gmail.com,9237 Deerfield Street,Elizabethtown,PA,582-300-2727,17022,,
100190,Evan,Thomas,ethomas@gmail.com,69 Cherry St.,Waldorf,MD,505-644-7147,20664,,
100191,Benjamin,Blake,bblake@gmail.com,57 Wild Horse Rd.,Rochester,NY,582-400-1642,14606,,
100192,Tate,Rowley,trowley@gmail.com,7146 Peninsula St.,Lafayette,IN,203-647-4972,47905,,
100193,David,Arnett,darnett@gmail.com,241 Colonial Drive,Waldorf,MD,582-333-5654,20665,,
100194,Sean,Romanik,sromanik@gmail.com,10 Princeton Lane,Erie,PA,214-838-6415,16506,,
100195,David,Arnett,darnett@gmail.com,69 North Hill Field Ave.,Annandale,VA,326-237-5358,22003,,
100196,Thomas,Laxton,tlaxton@gmail.com,47 Andover St.,Waldorf,MD,304-392-3126,20666,,
100197,Timothy,Sparacio,tsparacio@gmail.com,71 North Forest Ave.,Flushing,NY,208-555-2449,11354,,
100198,Justin,Pyper,jpyper@gmail.com,20 Fieldstone Dr.,Perkasie,PA,223-472-2150,18944,,
100199,Eduardo,Castro,ecastro@gmail.com,21 Albany Road,Waldorf,MD,219-427-8095,20667,,
100200,Melody,Gonzales,mgonzales@gmail.com,7717 Acacia Street,San Pablo,CA,361-578-8842,94806,,
100201,Michael,Fontenelle,mfontenelle@gmail.com,9268 Mayfield Street,Saint Cloud,MN,209-781-2541,56301,,
100202,Joanna,Grudziak,jgrudziak@gmail.com,59 Bay Meadows Avenue,Waldorf,MD,810-947-9016,20668,,
100203,Greg,Kokeny,gkokeny@gmail.com,40 Creekside Street,Auburndale,FL,503-944-8911,33823,,
100204,Levi,Barrow,lbarrow@gmail.com,866 Monroe Rd.,Bridgeton,NJ,215-640-6373,8302,,
100205,Benjamin,Marmer,bmarmer@gmail.com,266 Blue Spring Drive,Waldorf,MD,610-441-5862,20669,,
100206,Benjamin,Church,bchurch@gmail.com,7794 Strawberry Court,Dundalk,MD,228-738-9038,21222,,
100207,Renita,Stockholm,rstockholm@gmail.com,21 La Sierra Street,Wyandotte,MI,435-594-5911,48192,,
100208,Melissa,Grant,mgrant@gmail.com,53 Hawthorne Ave.,Waldorf,MD,303-688-4102,20670,,
100209,Caitlyn,Antal,cantal@gmail.com,50 Jackson Ave.,Rockledge,FL,407-309-0564,32955,,
100210,Rowan,Brown,rbrown@gmail.com,8 Anderson Street,Grandville,MI,469-962-1994,49418,,
100211,Samuel,Schoenfeld,sschoenfeld@gmail.com,52 1st St.,Waldorf,MD,582-682-6135,20671,,
100212,Erik,Malling,emalling@gmail.com,791 Spruce St.,Rock Hill,SC,582-333-0976,29730,,
100213,William,Patton,wpatton@gmail.com,594 Gates Ave.,Pueblo,CO,718-943-9824,81001,,
100214,William,Patton,wpatton@gmail.com,8649 Ridge Ave.,Waldorf,MD,425-234-3773,20672,,
100215,David,Vite,dvite@gmail.com,14C East Gregory Lane,Chapel Hill,NC,313-526-1986,27516,,
100216,Ray,Goerke,rgoerke@gmail.com,58 Rockville Lane,Tualatin,OR,582-600-3082,97062,,
100217,Leah,Petersen,lpetersen@gmail.com,74 Plumb Branch Lane,Waldorf,MD,407-895-5277,20673,,
100218,Luke,Roberts,lroberts@gmail.com,7182 1st Lane,Addison,IL,505-455-1712,60101,,
100219,Dakota,Ruller,druller@gmail.com,82 N. Foxrun Drive,West Haven,CT,207-310-8350,6516,,
100220,Peter,Carney,pcarney@gmail.com,9216 Ashley Street,Waldorf,MD,614-598-0343,20674,,
100221,Aaron,Brimhall,abrimhall@gmail.com,1 Woodland Street,Whitestone,NY,582-442-2809,11357,,
100222,Jeff,Bruno,jbruno@gmail.com,8504 Penn Ave.,Rolling Meadows,IL,424-515-3336,60008,,
100223,Jesse,Wild,jwild@gmail.com,7520 Glen Creek St.,Waldorf,MD,209-984-1148,20675,,
100224,Carthy,Mc,cmc@gmail.com,38 York St.,Hudsonville,MI,225-389-1764,49426,,
100225,Ray,Schaffer,rschaffer@gmail.com,7540 North Victoria Drive,Wakefield,MA,224-711-8133,1880,,
100226,Benjamin,Imbsen,bimbsen@gmail.com,292 Beechwood Street,Waldorf,MD,351-536-4389,20676,,
100227,Jarrod,Anthony,janthony@gmail.com,40 Vernon Road,Millville,NJ,582-300-7961,8332,,
100228,Brennan,Kelley,bkelley@gmail.com,8519B Circle Lane,Kent,OH,321-434-4113,44240,,
100229,Isabella,Roden,iroden@gmail.com,161 Green Hill Dr.,Waldorf,MD,505-306-8656,20677,,
100230,John,Lindsey,jlindsey@gmail.com,99 Edgewater Rd.,Gastonia,NC,214-489-1343,28052,,
100231,Dario,Perez,dperez@gmail.com,700 Pleasant Ave.,Lawndale,CA,309-407-4033,90260,,
100232,Matthew,Pate,mpate@gmail.com,446 Riverview Avenue,Waldorf,MD,209-966-5917,20678,,
100233,Christopher,Hixon,chixon@gmail.com,612 West Clay Lane,Tuscaloosa,AL,582-302-1110,35405,,
100234,Eric,Olson,eolson@gmail.com,9496 Sherman St.,Saint Charles,IL,505-644-9028,60174,,
100235,Oliver,Lyon,olyon@gmail.com,428 N. Gates St.,Waldorf,MD,505-849-6067,20679,,
100236,Alisha,Sperry,asperry@gmail.com,9326 Pumpkin Hill Drive,Champlin,MN,419-426-8243,55316,,
100237,Izrial,Ramirez,iramirez@gmail.com,343 Washington St.,Sandusky,OH,214-488-5987,44870,,
100238,Joseph,Day,jday@gmail.com,7994 Augusta St.,Waldorf,MD,219-728-3037,20680,,
100239,Jason,Heckle,jheckle@gmail.com,981 North Jefferson St.,Windsor,CT,582-222-8524,6095,,
100240,Michael,Hayes,mhayes@gmail.com,3 Hall Circle,Omaha,NE,582-529-3131,68107,,
100241,Jason,Heckle,jheckle@gmail.com,32 Garden St.,Waldorf,MD,408-437-0260,20681,,
100242,Norlin,Austin,naustin@gmail.com,79 Ashley Circle,Ballston Spa,NY,505-644-2461,12020,,
100243,Edward,Merritt,emerritt@gmail.com,82 Briarwood Ave.,Merrillville,IN,215-836-3058,46410,,
100244,Shaun,Peterson,speterson@gmail.com,20 Strawberry Dr.,Waldorf,MD,505-738-9281,20682,,
100245,Colter,Hammer,chammer@gmail.com,9 Meadowbrook Ave.,Hightstown,NJ,408-680-5188,8520,,
100246,Prince,Sorensen,psorensen@gmail.com,31 North Howard Ave.,Oswego,NY,201-920-3364,13126,,
100247,Nicholas,Goepper,ngoepper@gmail.com,7665 N. Lafayette Ave.,Waldorf,MD,582-201-1767,20683,,
100248,Andrew,Tingey,atingey@gmail.com,9062 Ketch Harbour Ave.,Manchester,NH,534-434-7397,3102,,
100249,Gregory,Cartagena,gcartagena@gmail.com,438 Squaw Creek Street,Schererville,IN,582-777-4408,46375,,
100250,David,Arnett,darnett@gmail.com,40 Ketch Harbour Drive,Waldorf,MD,582-682-1783,20684,,
100251,Christina,Yoo,cyoo@gmail.com,466 Middle River St.,Christiansburg,VA,214-495-8224,24073,,
100252,Jerry,Tatum,jtatum@gmail.com,35 Walt Whitman St.,Passaic,NJ,346-238-6386,7055,,
100253,Joe,Yang,jyang@gmail.com,278 East Sherwood St.,Waldorf,MD,582-333-7862,20685,,
100254,Daniel,Mosqueda,dmosqueda@gmail.com,47 Prince Road,Newnan,GA,582-333-0416,30263,,
100255,Dylan,Tourigny,dtourigny@gmail.com,9170 N. Courtland St.,Pawtucket,RI,417-600-4977,2860,,
100256,Heidi,Stone,hstone@gmail.com,72 Essex Ave.,Waldorf,MD,505-804-5658,20686,,
100257,Oscar,Metcalf,ometcalf@gmail.com,16 Talbot St.,New Philadelphia,OH,206-540-3356,44663,,
100258,Madison,Putich,mputich@gmail.com,6 Stonybrook St.,Glen Cove,NY,309-565-5328,11542,,
100259,Blake,Weyandt,bweyandt@gmail.com,433 Pheasant St.,Waldorf,MD,520-711-0336,20687,,
100260,Mckenzie,Isom,misom@gmail.com,8471 Rockwell Street,Chambersburg,PA,205-579-9394,17201,,
100261,Ethan,Block,eblock@gmail.com,48 Berkshire Rd.,Mcminnville,TN,217-981-4861,37110,,
100262,Evelyn,Beguiristain,ebeguiristain@gmail.com,849 10th Dr.,Waldorf,MD,582-333-9794,20688,,
100263,William,Martineau,wmartineau@gmail.com,618 Lancaster Dr.,Mason,OH,220-760-2324,45040,,
100264,Luke,Autry,lautry@gmail.com,7 Lexington St.,Alpharetta,GA,505-644-3728,30004,,
100265,Austin,Glenn,aglenn@gmail.com,7922 Winchester St.,Waldorf,MD,201-882-8207,20689,,
100266,Leuven,Van,lvan@gmail.com,3 Jackson Court,Warren,MI,582-222-7958,48089,,
100267,Alexander,Carrington,acarrington@gmail.com,112 Sherman Drive,Madisonville,KY,582-202-5758,42431,,
100268,Nicole,Villanueva,nvillanueva@gmail.com,7099 Middle River St.,Waldorf,MD,582-333-4230,20690,,
100269,Jacob,Johnson,jjohnson@gmail.com,36 Rockwell St.,Tiffin,OH,320-796-8612,44883,,
100270,David,Johnson,djohnson@gmail.com,11 S. Wakehurst Ave.,Tuckerton,NJ,223-949-0337,8087,,
100271,Jacob,Turley,jturley@gmail.com,9742 Pilgrim Ave.,Waldorf,MD,229-827-4337,20691,,
100272,Morrison,Hsieh,mhsieh@gmail.com,8 Cedar Swamp Ave.,Baldwin,NY,505-693-3402,11510,,
100273,Gabriel,Fine,gfine@gmail.com,8400 Brickyard Street,Fullerton,CA,515-702-4103,92831,,
100274,Ribhu,Nirek,rnirek@gmail.com,62 Glenwood Avenue,Waldorf,MD,582-800-4558,20692,,
100275,Janessa,Martinez,jmartinez@gmail.com,81 Sulphur Springs Lane,Stone Mountain,GA,312-514-5433,30083,,
100276,Kenneth,Stachofsky,kstachofsky@gmail.com,9387 Delaware Ave.,Mount Airy,MD,505-644-1833,21771,,
100277,Ian,Skelton,iskelton@gmail.com,904 John St.,Waldorf,MD,213-516-9747,20693,,
100278,Justin,Mool,jmool@gmail.com,57 Acacia Drive,Powhatan,VA,582-222-1951,23139,,
100279,Brandon,Leedy,bleedy@gmail.com,670 Livingston Rd.,West Chicago,IL,505-773-2212,60185,,
100280,Gabriel,Fine,gfine@gmail.com,852 Pumpkin Hill Court,Waldorf,MD,582-200-2293,20694,,
100281,Garrett,O'hara,go'hara@gmail.com,813 Riverview Avenue,Georgetown,SC,582-333-7233,29440,,
100282,Connor,Clawson,cclawson@gmail.com,9 Brickyard Lane,Lansing,MI,203-578-9213,48910,,
100283,Grace,Warner,gwarner@gmail.com,9420 Longbranch Ave.,Waldorf,MD,336-879-8489,20695,,
100284,Samuel,Litin,slitin@gmail.com,479 Temple Drive,Ogden,UT,582-400-4739,84404,,
100285,Connor,Hatch,chatch@gmail.com,577 Hall St.,Eastpointe,MI,520-522-1043,48021,,
100286,Zhang,Zhixiao,zzhixiao@gmail.com,948 Indian Spring Street,Waldorf,MD,505-939-6565,20696,,
100287,Matthew,Schrier,mschrier@gmail.com,106 W. Delaware St.,Southaven,MS,501-270-3696,38671,,
100288,Timothy,Stanley,tstanley@gmail.com,9682 Division St.,Drexel Hill,PA,582-200-9932,19026,,
100289,Benjamin,Hanna,bhanna@gmail.com,8732 Linda Street,Waldorf,MD,417-548-9849,20697,,
100290,Austin,Smylie,asmylie@gmail.com,14 West Andover Road,Severn,MD,315-405-7131,21144,,
100291,John,Brown,jbrown@gmail.com,7854 S. Summerhouse Street,Eugene,OR,582-777-7387,97402,,
100292,Charles,Gallegos,cgallegos@gmail.com,2 Westport Road,Waldorf,MD,305-579-3099,20698,,
100293,Mitchell,Yahna,myahna@gmail.com,9 Armstrong Ave.,Clarksville,TN,320-927-4413,37040,,
100294,Peter,Cutinelli,pcutinelli@gmail.com,562 Dogwood Lane,Apex,NC,582-200-3934,27502,,
100295,Jorge,Sanchez,jsanchez@gmail.com,7650 Division Drive,Waldorf,MD,582-333-7050,20699,,
100296,Timothy,Stanley,tstanley@gmail.com,517 Union Court,Natick,MA,505-644-3115,1760,,
100297,Nicholas,Moen,nmoen@gmail.com,9358 Johnson St.,Kissimmee,FL,582-300-8508,34741,,
100298,Corbett,Simon,csimon@gmail.com,309 Arch Street,Waldorf,MD,582-282-6685,20700,,
100299,Bailey,Street,bstreet@gmail.com,8592 High Noon St.,New York,NY,386-419-5062,10002,,
100300,Jenifer,Barber,jbarber@gmail.com,718 Stillwater Avenue,Largo,FL,582-482-8144,33771,,
100301,Jamie,Hill,jhill@gmail.com,3 West Boston St.,Waldorf,MD,505-906-8047,20701,,
100302,Dziuk,Dewey,ddewey@gmail.com,47 Saxton St.,Calhoun,GA,212-706-0557,30701,,
100303,Eric,Benally,ebenally@gmail.com,60 North Locust St.,Traverse City,MI,505-644-1911,49684,,
100304,Michael,Taylor,mtaylor@gmail.com,133 Evergreen Drive,Waldorf,MD,505-644-6379,20702,,
100305,Makenzie,Ryan,mryan@gmail.com,688 Homewood Ave.,Haines City,FL,582-333-2687,33844,,
100306,Samuel,Barrett,sbarrett@gmail.com,10 Thorne St.,Plainfield,NJ,218-348-6129,7060,,
100307,Zack,Blair,zblair@gmail.com,847 Tailwater Ave.,Waldorf,MD,316-347-0319,20703,,
100308,Lucy,Malarkey,lmalarkey@gmail.com,9984 Swanson St.,New City,NY,517-421-9142,10956,,
100309,Jack,Parker,jparker@gmail.com,699 Warren Lane,Muscatine,IA,234-972-5567,52761,,
100310,Levaughn,Fussell,lfussell@gmail.com,67 Newcastle Ave.,Waldorf,MD,214-322-6255,20704,,
100311,Dustin,Keough,dkeough@gmail.com,7698 Laurel Ave.,Fairborn,OH,582-400-9606,45324,,
100312,Matthew,Passmore,mpassmore@gmail.com,49 Rockledge Street,Bear,DE,401-240-3436,19701,,
100313,Dwight,Donaldson,ddonaldson@gmail.com,23 Whitemarsh Ave.,Waldorf,MD,201-776-3327,20705,,
100314,Kellan,Smith,ksmith@gmail.com,8445 Valley View Ave.,Reston,VA,505-631-4729,20191,,
100315,Marcus,Wendorff,mwendorff@gmail.com,602 William Rd.,Rockford,MI,234-205-5336,49341,,
100316,Jedi,Reed,jreed@gmail.com,929 Jones Ave.,Waldorf,MD,209-431-3913,20706,,
100317,Robert,Lu,rlu@gmail.com,263 W. Boston Ave.,Bristol,CT,314-329-1697,6010,,
100318,Marlene,Aviles,maviles@gmail.com,31 Primrose Dr.,Brookline,MA,582-302-6456,2446,,
100319,Edward,Diaz,ediaz@gmail.com,30 Lake Drive,Waldorf,MD,582-333-3581,20707,,
100320,Pat,Herrington,pherrington@gmail.com,598 East Wild Horse Ave.,Suffolk,VA,803-647-3017,23434,,
100321,Gregory,Rudowski,grudowski@gmail.com,721 Lake View St.,Bozeman,MT,240-516-2817,59715,,
100322,Dustin,Wood,dwood@gmail.com,37 Court Avenue,Waldorf,MD,224-682-8758,20708,,
100323,Todd,Godfrey,tgodfrey@gmail.com,13 6th Street,Bethel Park,PA,582-222-4248,15102,,
100324,Peter,Baird,pbaird@gmail.com,733 2nd Street,Paterson,NJ,505-637-1339,7501,,
100325,Zachary,Graben,zgraben@gmail.com,9724 Pacific Rd.,Waldorf,MD,323-938-9489,20709,,
100326,Ethan,Block,eblock@gmail.com,9918 Schoolhouse St.,Tacoma,WA,582-300-4386,98444,,
100327,Camden,Mitchell,cmitchell@gmail.com,10 Delaware Rd.,Grand Blanc,MI,203-517-7476,48439,,
100328,Chase,Nielsen,cnielsen@gmail.com,43 Harvard Ave.,Waldorf,MD,202-870-1729,20710,,
100329,Michael,Davies,mdavies@gmail.com,414 North Lake Forest Street,Maplewood,NJ,234-268-6063,7040,,
100330,Anthony,Rodriguez,arodriguez@gmail.com,9014 West Greenrose St.,Powder Springs,GA,582-282-6881,30127,,
100331,Ethan,Blake,eblake@gmail.com,53 Wild Rose St.,Waldorf,MD,505-644-1536,20711,,
100332,Gabe,Duessuer,gduessuer@gmail.com,7035 Williams Street,Highland Park,IL,234-559-7298,60035,,
100333,Ethan,Blake,eblake@gmail.com,282 Railroad Road,Trussville,AL,213-242-4891,35173,,
100334,Darin,Martin,dmartin@gmail.com,8721 Woodsman Ave.,Waldorf,MD,505-943-1454,20712,,
100335,Michael,Brandt,mbrandt@gmail.com,284 Morris Ave.,Westwood,NJ,582-282-6392,7675,,
100336,Graham,Steffens,gsteffens@gmail.com,7803 Goldfield Street,Waterford,MI,605-606-0461,48329,,
100337,Mikel,Brewerton,mbrewerton@gmail.com,164 Sussex Dr.,Waldorf,MD,582-333-0970,20713,,
100338,Trenton,Swope,tswope@gmail.com,470 Redwood St.,Mableton,GA,582-333-7224,30126,,
100339,Thomas,Bugg,tbugg@gmail.com,9956 N. Ocean Drive,San Angelo,TX,582-333-1482,76901,,
100340,Matthew,Sillifant,msillifant@gmail.com,512 Cactus Dr.,Waldorf,MD,513-215-6034,20714,,
100341,Nelson,Stinger,nstinger@gmail.com,9035 Indian Spring Court,Dubuque,IA,317-301-0451,52001,,
100342,Matthew,Amelino,mamelino@gmail.com,17 Littleton Drive,Neptune,NJ,505-547-1716,7753,,
100343,Benjamin,Bruce,bbruce@gmail.com,8631 Lexington Street,Waldorf,MD,228-589-7024,20715,,
100344,Danton,Earl,dearl@gmail.com,47 Hilltop Street,San Jose,CA,317-355-2371,95127,,
100345,Colter,Hulet,chulet@gmail.com,98 Jones St.,Baldwinsville,NY,505-644-6540,13027,,
100346,Ethan,Johnson,ejohnson@gmail.com,807 North Fifth Street,Waldorf,MD,218-493-8677,20716,,
100347,Dallas,Riches,driches@gmail.com,61 Hilldale Drive,Rome,NY,215-275-1087,13440,,
100348,Kutler,Jensen,kjensen@gmail.com,8488 Rock Maple Ave.,West Des Moines,IA,304-984-0345,50265,,
100349,Issac,Kihega,ikihega@gmail.com,512 Meadowbrook Dr.,Waldorf,MD,505-644-0068,20717,,
100350,Gillon,Robin,grobin@gmail.com,67 George Dr.,Onalaska,WI,225-378-5235,54650,,
100351,Jason,Oram,joram@gmail.com,1 Cooper Drive,Syosset,NY,240-314-7700,11791,,
100352,Adeline,Jensen,ajensen@gmail.com,615 Warren St.,Waldorf,MD,224-558-3531,20718,,
100353,Erin,Woodman,ewoodman@gmail.com,9 St Margarets Drive,Bismarck,ND,309-817-8655,58501,,
100354,Sean,Romanik,sromanik@gmail.com,38 Tunnel Drive,Orange,NJ,582-222-2369,7050,,
100355,Korce,Isaac,kisaac@gmail.com,6 NW. Sunset St.,Waldorf,MD,505-644-5590,20719,,
100356,Bryan,White,bwhite@gmail.com,7240 SE. Summerhouse Road,Battle Ground,WA,321-819-8712,98604,,
100357,Carolyn,Linthorst,clinthorst@gmail.com,70 E. Mill Pond Street,Milford,MA,582-333-1435,1757,,
100358,Thomas,Meara,tmeara@gmail.com,9950 Plumb Branch Drive,Waldorf,MD,210-449-5530,20720,,
100359,Joseph,Ptak,jptak@gmail.com,30 Surrey St.,Bristow,VA,231-540-5626,20136,,
100360,Zachery,Maxwell,zmaxwell@gmail.com,749 Fairview St.,Fort Walton Beach,FL,209-502-8480,32547,,
100361,Christy,Zichy,czichy@gmail.com,6 Mechanic Street,Waldorf,MD,505-618-2563,20721,,
100362,Quinton,Jones,qjones@gmail.com,8150 South Green Court,Edison,NJ,505-644-6849,8817,,
100363,Hayleigh,Anderson,handerson@gmail.com,9862 West King St.,Dearborn Heights,MI,582-333-5021,48127,,
100364,Graham,Taylor,gtaylor@gmail.com,7895 East Monroe Ave.,Waldorf,MD,215-381-7710,20722,,
100365,Zachary,Rasmussen,zrasmussen@gmail.com,808 S. San Pablo St.,Fort Myers,FL,582-333-5963,33905,,
100366,Denise,Parker,dparker@gmail.com,44 Garden Road,Mechanicsville,VA,220-454-3141,23111,,
100367,Brandon,Kuszajewski,bkuszajewski@gmail.com,676 Richardson Drive,Waldorf,MD,229-208-8149,20723,,
100368,Jack,Peterson,jpeterson@gmail.com,9233 Golden Star Dr.,Youngstown,OH,205-340-0590,44512,,
100369,Logan,Kiefer,lkiefer@gmail.com,7439 Goldfield Dr.,Winter Springs,FL,248-504-1843,32708,,
100370,Charlotte,Larsen,clarsen@gmail.com,7069 Paris Hill Ave.,Waldorf,MD,582-583-8677,20724,,
100371,Justin,Raines,jraines@gmail.com,9886 Linda Ave.,Hopewell,VA,206-628-3331,23860,,
100372,Richard,Olofson,rolofson@gmail.com,501 Johnson Lane,Delray Beach,FL,582-222-6984,33445,,
100373,Ward,Grant,wgrant@gmail.com,68 Ocean St.,Waldorf,MD,234-936-1540,20725,,
100374,Brant,Esposito,besposito@gmail.com,9124 West Court,Ocoee,FL,582-333-4223,34761,,
100375,Matthew,Mcnally,mmcnally@gmail.com,78 Walnutwood Avenue,Millington,TN,582-202-8217,38053,,
100376,Shawn,Stanley,sstanley@gmail.com,8830 Carpenter Drive,Waldorf,MD,303-544-6425,20726,,
100377,John,Schissler,jschissler@gmail.com,8717 Mammoth St.,Ft Mitchell,KY,253-661-0448,41017,,
100378,Andreas,Muller,amuller@gmail.com,11 Walt Whitman St.,Butte,MT,323-650-6523,59701,,
100379,Curtis,Allred,callred@gmail.com,8840 Purple Finch St.,Waldorf,MD,315-402-6986,20727,,
100380,David,Warne,dwarne@gmail.com,9265 Atlantic Ave.,Central Islip,NY,225-834-5944,11722,,
100381,Bruce,Cohne,bcohne@gmail.com,34 Railroad Street,Minneapolis,MN,207-859-9757,55406,,
100382,Alexander,Krivda,akrivda@gmail.com,7668 Wild Rose Drive,Waldorf,MD,223-798-8734,20728,,
100383,Morano,Gabriel,mgabriel@gmail.com,72 Jones St.,Lake Worth,FL,212-442-4102,33460,,
100384,Ari,Khadjenoury,akhadjenoury@gmail.com,851 Miles Street,Kalispell,MT,323-433-6165,59901,,
100385,Benjamin,Wichser,bwichser@gmail.com,518 Selby Rd.,Waldorf,MD,404-540-6457,20729,,
100386,Matthew,Forkner,mforkner@gmail.com,91 Kirkland Drive,Ashtabula,OH,321-834-5540,44004,,
100387,Casey,Hausman,chausman@gmail.com,40 Wakehurst Dr.,Downers Grove,IL,505-644-9313,60515,,
100388,Benjamin,Rice,brice@gmail.com,9108 Holly Lane,Waldorf,MD,582-600-8192,20730,,
100389,Boer,De,bde@gmail.com,378 Old Miles Dr.,West Warwick,RI,413-227-5802,2893,,
100390,Michael,Niedermeyer,mniedermeyer@gmail.com,9435 Hickory St.,West Orange,NJ,206-789-5238,7052,,
100391,Lance,Emmer,lemmer@gmail.com,912 Pacific Ave.,Waldorf,MD,217-467-8182,20731,,
100392,Colton,W,cw@gmail.com,46 Elmwood Road,Navarre,FL,202-991-4228,32566,,
100393,Adam,Redling,aredling@gmail.com,93 Canterbury Street,Akron,OH,216-722-3047,44312,,
100394,Coltin,Mason,cmason@gmail.com,834 2nd Drive,Waldorf,MD,434-713-8719,20732,,
100395,Bryson,Cowley,bcowley@gmail.com,59 Walnutwood Lane,Spring Hill,FL,582-529-5352,34608,,
100396,Steven,Bingham,sbingham@gmail.com,417 Pine Drive,Tallahassee,FL,240-598-7107,32303,,
100397,Bryson,Cowley,bcowley@gmail.com,50 Forest Dr.,Waldorf,MD,205-853-4282,20733,,
100398,Maya,Upton,mupton@gmail.com,601 Hamilton Street,Boynton Beach,FL,582-333-1331,33435,,
100399,Emily,Harwell,eharwell@gmail.com,45 NE. Carpenter St.,Goose Creek,SC,206-925-3019,29445,,
100400,Anthony,Aadland,aaadland@gmail.com,194 South 6th Street,Waldorf,MD,414-444-3588,20734,,
100401,William,Raymer,wraymer@gmail.com,81 Berkshire St.,Germantown,MD,410-618-7505,20874,,
100402,Catherine,Wright,cwright@gmail.com,8075 Taylor Street,Boston,MA,582-222-7736,2127,,
100403,John,Fitzgerald,jfitzgerald@gmail.com,711 Gartner Ave.,Waldorf,MD,582-201-2525,20735,,
100404,Jordan,Murphy,jmurphy@gmail.com,8931 W. Studebaker Dr.,Morgantown,WV,502-405-0650,26508,,
100405,Loter,Chase,lchase@gmail.com,116 Evergreen Lane,Basking Ridge,NJ,213-476-1895,7920,,
100406,Stjeor,Brenna,sbrenna@gmail.com,691 San Pablo Lane,Waldorf,MD,582-400-8922,20736,,
100407,John,Mitchell,jmitchell@gmail.com,3 East Glen Ridge Avenue,Kansas City,MO,582-583-8664,64151,,
100408,Andrew,Bambrough,abambrough@gmail.com,228 East Homestead Drive,Fargo,ND,308-219-9327,58102,,
100409,Marco,Escobar,mescobar@gmail.com,172 Campfire Rd.,Waldorf,MD,582-282-6385,20737,,
100410,Kelly,Brown,kbrown@gmail.com,68 Sleepy Hollow Street,Pataskala,OH,229-989-6032,43062,,
100411,Blake,Bassett,bbassett@gmail.com,992 Berkshire Lane,Natchez,MS,205-609-7877,39120,,
100412,Seth,Huot,shuot@gmail.com,8620 Honey Creek Drive,Waldorf,MD,304-728-1582,20738,,
100413,Brianna,Bennett,bbennett@gmail.com,38 Bay St.,Snohomish,WA,229-245-8602,98290,,
100414,Clayton,Coster,ccoster@gmail.com,586 Pheasant Ave.,Evansville,IN,404-804-2308,47711,,
100415,Heather,Black,hblack@gmail.com,930 Cedarwood Ave.,Waldorf,MD,305-482-8437,20739,,
100416,Bryan,Szczepaniec,bszczepaniec@gmail.com,7101 Washington Street,Asheboro,NC,582-222-4610,27205,,
100417,Jeffrey,Bierce,jbierce@gmail.com,9707 Greenview Dr.,South Windsor,CT,205-991-5054,6074,,
100418,Liam,Mcneeley,lmcneeley@gmail.com,389 Jefferson Dr.,Waldorf,MD,240-380-9980,20740,,
100419,Jamieson,Stuart,jstuart@gmail.com,5 Marconi St.,Piedmont,SC,228-698-3691,29673,,
100420,Michael,York,myork@gmail.com,206 Market Street,Buford,GA,582-400-5810,30518,,
100421,Shannon,Staker,sstaker@gmail.com,9346 Bishop Ave.,Waldorf,MD,419-584-4424,20741,,
100422,Jason,Howard,jhoward@gmail.com,66 Brickyard Street,Poughkeepsie,NY,505-644-5430,12601,,
100423,Renita,Stockholm,rstockholm@gmail.com,9 Hawthorne Drive,Ontario,CA,318-541-1633,91762,,
100424,Ryan,Davis,rdavis@gmail.com,23 Griffin Ave.,Waldorf,MD,505-219-5254,20742,,
100425,Benjamin,Bruce,bbruce@gmail.com,309 S. 2nd Court,Lawrenceville,GA,651-954-8218,30043,,
100426,Matthew,Amelino,mamelino@gmail.com,8445 E. High Drive,Riverview,FL,319-242-3437,33569,,
100427,Mari,Hiltunen,mhiltunen@gmail.com,9044 Main Street,Waldorf,MD,318-338-9836,20743,,
100428,Ollie,Barrow,obarrow@gmail.com,91 Lyme Rd.,Rockaway,NJ,308-485-6881,7866,,
100429,Andrew,Mcnamara,amcnamara@gmail.com,2 Main St.,Brooklyn,NY,505-644-6689,11201,,
100430,Timothy,Stephens,tstephens@gmail.com,262 Pheasant St.,Waldorf,MD,582-200-2041,20744,,
100431,Cameron,Wilhelm,cwilhelm@gmail.com,9874 Lake View Street,Harlingen,TX,505-469-3268,78552,,
100432,Benjamin,Briley,bbriley@gmail.com,7 Thomas St.,De Pere,WI,320-311-6213,54115,,
100433,Houston,Ewing,hewing@gmail.com,85 Cedar St.,Waldorf,MD,582-583-1041,20745,,
100434,Rosemary,Richards,rrichards@gmail.com,8797 East Windsor St.,Taylor,MI,505-644-2037,48180,,
100435,Clayton,Bilson,cbilson@gmail.com,9205 53rd Rd.,Wisconsin Rapids,WI,582-400-7905,54494,,
100436,Joshua,Schroader,jschroader@gmail.com,491 Sherwood Ave.,Waldorf,MD,216-305-5435,20746,,
100437,Jarrod,Anthony,janthony@gmail.com,40 St Paul Street,Park Forest,IL,308-306-1233,60466,,
100438,Alejandro,Pietz,apietz@gmail.com,16 Poplar Drive,Zanesville,OH,582-529-2606,43701,,
100439,Benjamin,Imbsen,bimbsen@gmail.com,8891 Manchester Ave.,Waldorf,MD,505-857-0190,20747,,
100440,Timothy,Taylor,ttaylor@gmail.com,177 Mill Ave.,Rosemount,MN,505-374-7802,55068,,
100441,Phillip,Weaver,pweaver@gmail.com,8987 James Drive,Colonial Heights,VA,608-453-0589,23834,,
100442,Nathan,Perry,nperry@gmail.com,822 Overlook Avenue,Waldorf,MD,213-323-6724,20748,,
100443,Jarred,Iacovelli,jiacovelli@gmail.com,7990 N. Kirkland Rd.,Bonita Springs,FL,202-904-6790,34135,,
100444,William,Kelly,wkelly@gmail.com,540 Cactus Ave.,Bethlehem,PA,213-965-9358,18015,,
100445,Eli,Clarke,eclarke@gmail.com,850 Thatcher Street,Waldorf,MD,302-974-9018,20749,,
100446,Owen,Waters,owaters@gmail.com,768 Fairground St.,Sevierville,TN,312-270-6042,37876,,
100447,Joel,Nakaya,jnakaya@gmail.com,906 Brookside Lane,Miami,FL,209-492-5742,33125,,
100448,Corey,Gregory,cgregory@gmail.com,175 John St.,Waldorf,MD,407-261-5787,20750,,
100449,Bryce,Carpenter,bcarpenter@gmail.com,7 W. Kirkland Street,Glenside,PA,205-828-2564,19038,,
100450,Luke,Weiss,lweiss@gmail.com,659 Beach St.,Logansport,IN,234-789-6804,46947,,
100451,Michael,Call,mcall@gmail.com,715 Schoolhouse Lane,Waldorf,MD,582-444-7417,20751,,
100452,William,Martineau,wmartineau@gmail.com,36 Foxrun Circle,Sicklerville,NJ,206-373-9132,8081,,
100453,Steven,Seely,sseely@gmail.com,382 Plumb Branch Lane,Nutley,NJ,248-962-9702,7110,,
100454,Jadrian,Flitton,jflitton@gmail.com,35 Selby St.,Waldorf,MD,582-333-6563,20752,,
100455,Shawyn,Murray,smurray@gmail.com,7324 Purple Finch Rd.,Wyoming,MI,346-635-3114,49509,,
100456,Christopher,Woodard,cwoodard@gmail.com,5 Washington Street,New Rochelle,NY,252-470-9655,10801,,
100457,Colby,Fream,cfream@gmail.com,8764 Johnson St.,Waldorf,MD,582-529-2346,20753,,
100458,Adam,Ross,aross@gmail.com,9472 W. Fairfield Lane,Hopkins,MN,218-634-9598,55343,,
100459,Daniel,Jickell,djickell@gmail.com,892 East Central Court,East Elmhurst,NY,310-551-4483,11369,,
100460,Jennifer,Dahman,jdahman@gmail.com,9792 Fieldstone Court,Waldorf,MD,304-512-7768,20754,,
100461,Porter,Trapp,ptrapp@gmail.com,9875 Harvard St.,Henderson,KY,505-845-2022,42420,,
100462,Porter,Trapp,ptrapp@gmail.com,7620 Redwood Ave.,Chandler,AZ,417-662-8079,85224,,
100463,Blithe,Cravens,bcravens@gmail.com,9276 Border St.,Waldorf,MD,582-400-9848,20755,,
100464,Leonardo,Vinces,lvinces@gmail.com,198 East Jennings St.,Williamstown,NJ,325-884-4525,8094,,
100465,Simon,Garner,sgarner@gmail.com,80 South Lees Creek St.,Smyrna,GA,413-672-4662,30080,,
100466,Trenton,Land,tland@gmail.com,753 Rocky River Dr.,Waldorf,MD,224-604-8591,20756,,
100467,Hayden,Palmer,hpalmer@gmail.com,7070 Wayne Dr.,Flemington,NJ,513-726-3242,8822,,
100468,Tyler,Langeveld,tlangeveld@gmail.com,8027 School Ave.,Appleton,WI,215-205-7221,54911,,
100469,Madison,Sottung,msottung@gmail.com,90 Lyme Court,Waldorf,MD,505-644-0260,20757,,
100470,Amber,Angle,aangle@gmail.com,404 Williams St.,Ankeny,IA,582-202-9228,50023,,
100471,Jon,Shuman,jshuman@gmail.com,786 Trusel St.,Oakland Gardens,NY,240-637-1155,11364,,
100472,Greg,Wheeler,gwheeler@gmail.com,311 SE. El Dorado St.,Waldorf,MD,202-799-2454,20758,,
100473,Kristi,Cloward,kcloward@gmail.com,527 Sage Avenue,Santa Cruz,CA,325-338-0811,95060,,
100474,Jake,Stafford,jstafford@gmail.com,7004 Fairway Drive,Palmetto,FL,582-302-7586,34221,,
100475,Ryan,Hoopes,rhoopes@gmail.com,183 Broad St.,Waldorf,MD,307-612-9402,20759,,
100476,Merek,Treanor,mtreanor@gmail.com,9579 South Ryan Street,Bartlett,IL,582-400-7294,60103,,
100477,Alexander,Sanchez,asanchez@gmail.com,509 Pilgrim Street,Dunedin,FL,210-795-6685,34698,,
100478,John,Herald,jherald@gmail.com,83 Devonshire Street,Waldorf,MD,582-583-5622,20760,,
100479,Bryan,Emerick,bemerick@gmail.com,8441 West Center St.,High Point,NC,301-371-8435,27265,,
100480,Lucas,Politis,lpolitis@gmail.com,602 Roehampton Dr.,Calumet City,IL,214-924-4519,60409,,
100481,David,Day,dday@gmail.com,7784 Taylor Street,Waldorf,MD,582-333-5358,20761,,
100482,Alex,Delgado,adelgado@gmail.com,30 Green Lake Dr.,Brentwood,NY,505-644-8734,11717,,
100483,Shane,Dibiase,sdibiase@gmail.com,15 Wall Drive,Xenia,OH,582-666-3078,45385,,
100484,Max,Tokunaga,mtokunaga@gmail.com,247 Old Berkshire Circle,Waldorf,MD,480-994-4250,20762,,
100485,Matthew,Anciaux,manciaux@gmail.com,9150 Longbranch St.,East Brunswick,NJ,202-332-0752,8816,,
100486,Keyan,Adams,kadams@gmail.com,634 Hall Street,Riverside,NJ,225-306-7193,8075,,
100487,Ian,Wilson,iwilson@gmail.com,8672 Ivy Road,Waldorf,MD,208-501-2038,20763,,
100488,Wesley,Jewett,wjewett@gmail.com,66 Sleepy Hollow St.,Westmont,IL,419-776-2928,60559,,
100489,Xuan,Miriam,xmiriam@gmail.com,7696 Grand Lane,Camas,WA,234-452-9816,98607,,
100490,Alexis,Kaufman,akaufman@gmail.com,7729 Walnut St.,Waldorf,MD,582-222-8392,20764,,
100491,Gerardo,Hernandez,ghernandez@gmail.com,172 Saxton Dr.,Palm Harbor,FL,248-560-6494,34683,,
100492,Hunter,Olsen,holsen@gmail.com,12 Arch St.,Dracut,MA,206-571-4278,1826,,
100493,Audrey,Rubart,arubart@gmail.com,187 Bayport Avenue,Waldorf,MD,582-202-1182,20765,,
100494,Hicks,Tanner,htanner@gmail.com,85 Lancaster Road,East Hartford,CT,505-368-4583,6118,,
100495,matias,natale,mnatale@gmail.com,65 East St Margarets St.,Algonquin,IL,310-503-9013,60102,,
100496,Caleb,Putnam,cputnam@gmail.com,9003 Pacific Dr.,Waldorf,MD,209-468-9447,20766,,
100497,Hannibal,Corsini,hcorsini@gmail.com,5 Shipley Street,Duluth,GA,207-694-8732,30096,,
100498,Matthew,Knowlton,mknowlton@gmail.com,287 New Street,Roy,UT,458-412-9695,84067,,
100499,Emily,Bauman,ebauman@gmail.com,8386 Water Road,Waldorf,MD,505-619-5923,20767,,
100500,Nicole,Mindy,nmindy@gmail.com,889 Cactus Ave.,Great Falls,MT,505-214-4890,59404,,
100501,Hayley,Fox,hfox@gmail.com,140 Marshall Ave.,Warner Robins,GA,423-994-4591,31088,,
100502,Kara,Caprio,kcaprio@gmail.com,392 Corona St.,Englewood,NJ,302-369-7521,7631,,
100503,Lauren,Hadley,lhadley@gmail.com,85 Prospect St.,Fort Mill,SC,582-333-7968,29708,,
100504,Austin,Cheatham,acheatham@gmail.com,81 Shady Ave.,Smithtown,NY,505-644-6925,11787,,
100505,Xander,Velez,xvelez@gmail.com,7910 Selby Drive,Old Bridge,NJ,424-592-4831,8857,,
100506,Michael,Burgess,mburgess@gmail.com,62 Clark Street,Jamaica,NY,301-578-5703,11432,,
100507,Tyler,Smith,tsmith@gmail.com,7163 Penn Street,Moorhead,MN,520-532-0637,56560,,
100508,Eric,Corbin,ecorbin@gmail.com,8626 Military Ave.,Albany,NY,321-202-9698,12203,,
100509,Joseph,Sweeney,jsweeney@gmail.com,9855 Penn Lane,Sterling Heights,MI,318-743-3451,48310,,
100510,Gareth,Graves,ggraves@gmail.com,12 Bedford Dr.,Clayton,NC,715-941-8138,27520,,
100511,Nathan,Hofmeister,nhofmeister@gmail.com,89 Cedarwood Street,Sevierville,TN,582-529-7973,37876,,
100512,Keith,Williams,kwilliams@gmail.com,8948 Lafayette Drive,Windsor,CT,217-974-9553,6095,,
100513,Kyle,Vest,kvest@gmail.com,374 Southampton Dr.,Northville,MI,582-300-9048,48167,,
100514,Hunter,Holden,hholden@gmail.com,81 Washington Lane,Natick,MA,205-854-6175,1760,,
100515,Sawyer,Mason,smason@gmail.com,8462 Glen Eagles St.,Floral Park,NY,310-421-1070,11001,,
100516,John,Storm,jstorm@gmail.com,2 Magnolia Ave.,Port Saint Lucie,FL,412-379-0241,34952,,
100517,Kenneth,Rivas,krivas@gmail.com,32 Delaware Dr.,Fort Wayne,IN,582-202-4492,46804,,
100518,David,Tashnek,dtashnek@gmail.com,54C Mayfield St.,Wakefield,MA,407-844-5073,1880,,
100519,Evan,Thomas,ethomas@gmail.com,7471 E. Edgemont St.,Fort Lee,NJ,718-563-8929,7024,,
100520,Mark,Westmoreland,mwestmoreland@gmail.com,7902 Wilson St.,Lindenhurst,NY,231-823-6389,11757,,
100521,Jacob,Randolph,jrandolph@gmail.com,68 Addison Street,Sewell,NJ,582-600-5085,8080,,
100522,Alexander,Dmitriev,admitriev@gmail.com,512 Prospect Road,Bridgewater,NJ,318-696-2134,8807,,
100523,Jose,Torres,jtorres@gmail.com,8832 S. Brickyard Rd.,South Richmond Hill,NY,212-702-6854,11419,,
100524,Ezra,Masters,emasters@gmail.com,687 Pennsylvania St.,Piqua,OH,217-642-8642,45356,,
100525,Steven,Farley,sfarley@gmail.com,7361 Vermont Dr.,Palm Bay,FL,582-333-1119,32907,,
100526,Josh,Neuemier,jneuemier@gmail.com,540C N. Glenwood Court,Miami Beach,FL,240-910-8634,33139,,
100527,Nathan,Howells,nhowells@gmail.com,9977 Morris Avenue,Glendale Heights,IL,210-455-6751,60139,,
100528,Benjamin,Pettit,bpettit@gmail.com,253 High Noon St.,Newington,CT,208-968-8546,6111,,
100529,Derek,Robison,drobison@gmail.com,51 West Grove Avenue,Marion,NC,505-626-4428,28752,,
100530,Judith,Darwin,jdarwin@gmail.com,262 Overlook Avenue,Merrillville,IN,318-682-6549,46410,,
100531,Owen,Waters,owaters@gmail.com,7536 Silver Spear Ave.,Raleigh,NC,224-650-2787,27603,,
100532,Devin,Porter,dporter@gmail.com,875 Ryan Avenue,Streamwood,IL,582-529-1364,60107,,
100533,Tristan,Plummer,tplummer@gmail.com,63 Rockland Dr.,Valparaiso,IN,582-282-8940,46383,,
100534,Adam,Stewart,astewart@gmail.com,366 Glenlake Rd.,Buffalo Grove,IL,406-914-3972,60089,,
100535,Jordan,Jones,jjones@gmail.com,7233 Marvon Drive,Redford,MI,339-304-5641,48239,,
100536,Logan,Lauffer,llauffer@gmail.com,18 South Cambridge Drive,Goldsboro,NC,210-992-4710,27530,,
100537,Blake,Weyandt,bweyandt@gmail.com,357 Blue Spring St.,West Hempstead,NY,505-644-7901,11552,,
100538,Benjamin,Vines,bvines@gmail.com,8058 Whitemarsh Rd.,Canton,GA,409-539-3767,30114,,
100539,Caleb,Torres,ctorres@gmail.com,75 North Silver Spear Lane,Lanham,MD,409-333-1808,20706,,
100540,Austin,Holt,aholt@gmail.com,8840 Lakeview Street,Camp Hill,PA,505-479-5255,17011,,
100541,Tyler,Holt,tholt@gmail.com,7506 St Paul St.,Raeford,NC,458-340-5680,28376,,
100542,Adam,Johnson,ajohnson@gmail.com,99 West Airport Ave.,Valdosta,GA,505-450-4843,31601,,
100543,Richard,Medina,rmedina@gmail.com,10 Valley Ave.,Lake Worth,FL,539-243-5597,33460,,
100544,Stephen,Walker,swalker@gmail.com,906 Circle Road,Lowell,MA,582-222-7635,1851,,
100545,Westover,Lucas,wlucas@gmail.com,9392 Linda St.,Zeeland,MI,623-620-1926,49464,,
100546,Gintare,Sankauskaite,gsankauskaite@gmail.com,674 Penn Ave.,Miamisburg,OH,582-333-0983,45342,,
100547,Hackford,Mckay,hmckay@gmail.com,9008 Hamilton Ave.,New Kensington,PA,214-833-3863,15068,,
100548,Keric,Kanistanaux,kkanistanaux@gmail.com,656 Oak Meadow Avenue,Reisterstown,MD,208-328-2207,21136,,
100549,Mitchell,Millerberg,mmillerberg@gmail.com,9188 West Creekside Street,Kingsport,TN,505-566-2704,37660,,
100550,Jakob,Blees,jblees@gmail.com,90 E. Williams Lane,Georgetown,SC,582-282-8090,29440,,
100551,Zachary,Joseph,zjoseph@gmail.com,59 Whitemarsh Ave.,Muskogee,OK,582-200-7522,74403,,
100552,Gloria,Phillips,gphillips@gmail.com,53 Pheasant Ave.,Romulus,MI,505-678-0880,48174,,
100553,Peter,Cimmino,pcimmino@gmail.com,225 Thomas St.,Piscataway,NJ,582-600-0574,8854,,
100554,Montana,Marsden,mmarsden@gmail.com,45 Lyme Drive,Wantagh,NY,209-662-3468,11793,,
100555,Paul,Goerke,pgoerke@gmail.com,9593 N. Golf St.,Rapid City,SD,352-418-2467,57701,,
100556,Julie,Youlton,jyoulton@gmail.com,1 Brook St.,Littleton,CO,320-718-9750,80123,,
100557,Robert,Harrington,rharrington@gmail.com,9392 Ann St.,La Vergne,TN,724-309-5040,37086,,
100558,Alec,Angle,aangle@gmail.com,8 Fairground Lane,Winter Garden,FL,505-644-2028,34787,,
100559,Jennifer,Bryant,jbryant@gmail.com,934 Kent St.,Commack,NY,201-380-4853,11725,,
100560,Jackson,Milne,jmilne@gmail.com,510 Eagle Ave.,Orange Park,FL,505-402-5138,32065,,
100561,Matthew,Erdmann,merdmann@gmail.com,918 Taylor Street,Fall River,MA,419-320-8355,2720,,
100562,Kathryn,Thorp,kthorp@gmail.com,820 Beechwood Dr.,Holly Springs,NC,582-333-5041,27540,,
100563,Gavin,Yahna,gyahna@gmail.com,53 Yukon Street,North Wales,PA,582-282-1329,19454,,
100564,Mitchell,Yahna,myahna@gmail.com,23 Queen Ave.,Elizabethton,TN,582-302-8826,37643,,
100565,Cameron,Jones,cjones@gmail.com,847 Summit Dr.,Salt Lake City,UT,336-688-3231,84119,,
100566,Cody,Dobson,cdobson@gmail.com,8709 Division Street,Great Falls,MT,201-903-6578,59404,,
100567,Eric,Olson,eolson@gmail.com,9191 Wilson St.,Danville,VA,203-479-0602,24540,,
100568,Adam,Goddard,agoddard@gmail.com,62 Schoolhouse Avenue,Cumberland,RI,582-333-0267,2864,,
100569,Yossri,Palomares,ypalomares@gmail.com,633 W. Wagon Ave.,Los Banos,CA,505-644-5710,93635,,
100570,Shawn,Lindberg,slindberg@gmail.com,784 Homestead St.,Quincy,MA,504-487-7269,2169,,
100571,Isabel,Easterbrook,ieasterbrook@gmail.com,7735 Stillwater Street,Miami,FL,505-844-1919,33125,,
100572,Evan,Tracy,etracy@gmail.com,74 Prospect Street,Westminster,MD,203-574-1609,21157,,
100573,Alexandre,Bacall,abacall@gmail.com,8225 Tallwood Street,Fairmont,WV,240-489-0131,26554,,
100574,Cameron,Lang,clang@gmail.com,96 Cemetery Drive,Princeton,NJ,234-864-0579,8540,,
100575,Rainey,Brady,rbrady@gmail.com,581 Glen Eagles Court,Fairport,NY,312-652-1874,14450,,
100576,Grant,Watkins,gwatkins@gmail.com,9948 Center St.,Bedford,OH,628-602-2122,44146,,
100577,Ted,Button,tbutton@gmail.com,702 Stillwater Court,Milledgeville,GA,213-577-3101,31061,,
100578,David,Mccarthy,dmccarthy@gmail.com,719 Beacon Drive,Clemmons,NC,582-282-1966,27012,,
100579,Grant,Watkins,gwatkins@gmail.com,585 Hill Dr.,Lawrence Township,NJ,202-353-9147,8648,,
100580,Ollie,Barrow,obarrow@gmail.com,8893 Washington St.,Ellenwood,GA,505-958-2244,30294,,
100581,Joshua,Thompson,jthompson@gmail.com,27 Del Monte St.,Lewiston,ME,582-333-8004,4240,,
100582,Courtland,Getz,cgetz@gmail.com,37 Old Garfield Road,Vicksburg,MS,582-201-3544,39180,,
100583,Thomas,Joshua,tjoshua@gmail.com,12 North Bear Hill St.,West Deptford,NJ,409-926-3241,8096,,
100584,Zev,Ruben,zruben@gmail.com,8238 4th St.,Taylor,MI,304-877-7633,48180,,
100585,Lois,Martinez,lmartinez@gmail.com,156 Church Ave.,Wheeling,WV,582-777-5678,26003,,
100586,Renee,Yeoman,ryeoman@gmail.com,552 Brewery Court,Waynesboro,PA,303-804-0451,17268,,
100587,Nathan,Gentry,ngentry@gmail.com,20 S. Ketch Harbour St.,Willoughby,OH,307-398-6608,44094,,
100588,Cole,Armstrong,carmstrong@gmail.com,333 Acacia St.,South Ozone Park,NY,336-819-4201,11420,,
100589,Dylan,Bullock,dbullock@gmail.com,394 Middle River St.,Middletown,CT,225-572-8839,6457,,
100590,Joshua,Fudala,jfudala@gmail.com,9899 Fremont Dr.,Stevens Point,WI,582-282-8939,54481,,
100591,Joseph,Legg,jlegg@gmail.com,9067 Tallwood St.,Mableton,GA,505-644-7458,30126,,
100592,Lan,Nguyen,lnguyen@gmail.com,66 Ocean Lane,Atlanta,GA,217-412-1462,30303,,
100593,Tim,Hopkins,thopkins@gmail.com,93 Leeton Ridge Street,Massillon,OH,582-302-8810,44646,,
100594,Melissa,Herron,mherron@gmail.com,323 Forest Ave.,Champlin,MN,283-439-5280,55316,,
100595,Michael,Oliver,moliver@gmail.com,440 E. High Point Dr.,Latrobe,PA,214-890-0029,15650,,
100596,John,Nadherny,jnadherny@gmail.com,9868 Willow St.,Goshen,IN,582-777-9806,46526,,
100597,Roland,Thompson,rthompson@gmail.com,8511 Washington Street,Liverpool,NY,582-400-8933,13090,,
100598,Lois,Martinez,lmartinez@gmail.com,9307 Wilson St.,Villa Park,IL,505-644-7152,60181,,
100599,Shaun,Murphy,smurphy@gmail.com,367 Peachtree Court,Columbus,GA,582-583-7400,31904,,
100600,Nathan,Laws,nlaws@gmail.com,267 Trusel Ave.,The Villages,FL,505-644-9736,32162,,
100601,Andrew,Mcnamara,amcnamara@gmail.com,334 Rock Creek St.,Starkville,MS,505-644-8375,39759,,
100602,Nate,Nack,nnack@gmail.com,40 Talbot St.,Fullerton,CA,218-713-3396,92831,,
100603,Lisa,Diamond,ldiamond@gmail.com,9467 University Lane,East Brunswick,NJ,319-657-0966,8816,,
100604,Benjamin,Wichser,bwichser@gmail.com,493 Gates Drive,Gaithersburg,MD,582-333-9908,20877,,
100605,Matthew,Crafton,mcrafton@gmail.com,453 Atlantic Dr.,Wallingford,CT,208-871-1337,6492,,
100606,Rylan,Evans,revans@gmail.com,9486 George Ave.,Pawtucket,RI,313-935-8954,2860,,
100607,Kayla,Shirley,kshirley@gmail.com,7564 Fieldstone Ave.,Goose Creek,SC,202-573-3887,29445,,
100608,Joseph,Greenblatt,jgreenblatt@gmail.com,9873 Pheasant St.,Tiffin,OH,582-300-8542,44883,,
100609,Matthew,Banker,mbanker@gmail.com,60 Deerfield St.,Quakertown,PA,582-666-7122,18951,,
100610,Jack,Gerard,jgerard@gmail.com,53 Center Lane Suite 883,Passaic,NJ,582-202-0764,7055,,
100611,Colton,Cravens,ccravens@gmail.com,7483 Lower River Avenue,Alabaster,AL,582-333-5278,35007,,
100612,Christopher,Peart,cpeart@gmail.com,9995 John St.,Vineland,NJ,505-528-4404,8360,,
100613,Leonardo,Figueroa,lfigueroa@gmail.com,8 Green Road,Bangor,ME,582-529-0715,4401,,
100614,Jordan,Senatore,jsenatore@gmail.com,20 Lilac Ave.,Sulphur,LA,325-339-4511,70663,,
100615,Jeffrey,Boliba,jboliba@gmail.com,11 Oak Valley Rd.,Stroudsburg,PA,228-642-8074,18360,,
100616,Hiroshi,Kamaya,hkamaya@gmail.com,9157 Creek Court,Clermont,FL,218-661-4035,34711,,
100617,Shane,Ashby,sashby@gmail.com,9429 Bowman Street,Fairfield,CT,216-410-5640,6824,,
100618,Ryan,Blohm,rblohm@gmail.com,7 West Princeton Road,Alexandria,VA,202-582-4674,22304,,
100619,Carling,Devin,cdevin@gmail.com,761 Water St.,Catonsville,MD,505-432-7833,21228,,
100620,Matt,Bergmann,mbergmann@gmail.com,926 Linda Street,Hanover Park,IL,213-473-7848,60133,,
100621,Katrina,Tapaha,ktapaha@gmail.com,16 Brook Drive,Flint,MI,218-724-9039,48504,,
100622,Sadie,Tapaha,stapaha@gmail.com,950 Lake St.,Conway,SC,219-225-9067,29526,,
100623,Jeff,Holce,jholce@gmail.com,43 Hamilton Road,Ogden,UT,909-374-4023,84404,,
100624,Garrett,Feldman,gfeldman@gmail.com,7362 Hilltop Street,Royal Oak,MI,582-444-8849,48067,,
100625,Heather,Brenner,hbrenner@gmail.com,586 John St.,Port Richey,FL,215-975-4474,34668,,
100626,Rita,Reisor,rreisor@gmail.com,99 Cross Street,Parkville,MD,330-349-4739,21234,,
100627,Xinkun,Wang,xwang@gmail.com,878 Brown St.,Wilmington,MA,582-333-2481,1887,,
100628,Nicholas,Thorsen,nthorsen@gmail.com,9707 East Meadowbrook Drive,North Brunswick,NJ,214-690-8586,8902,,
100629,Nathan,Thorsen,nthorsen@gmail.com,89 Green St.,Glenview,IL,231-456-2174,60025,,
100630,Joshua,Medina,jmedina@gmail.com,8 Lake Avenue,Kenosha,WI,617-519-0570,53140,,
100631,Sean,Thatcher,sthatcher@gmail.com,7333 Edgemont Street,Dedham,MA,582-333-3454,2026,,
100632,Tori,Stein,tstein@gmail.com,15 W. Manor Ave.,Crystal Lake,IL,582-682-0196,60014,,
100633,Arcelia,Ledezma,aledezma@gmail.com,7646 North Winding Way Court,Rockford,MI,582-282-9967,49341,,
100634,Nicholas,Goepper,ngoepper@gmail.com,8 Hickory St.,Oviedo,FL,253-645-2216,32765,,
100635,Kelly,Mays,kmays@gmail.com,117 Valley Street,Mokena,IL,582-333-7771,60448,,
100636,Sean,Brady,sbrady@gmail.com,906 Valley Farms Rd.,Seymour,IN,361-789-2300,47274,,
100637,Julia,Spadaro,jspadaro@gmail.com,99 West Pheasant Street,El Paso,TX,303-260-2732,79930,,
100638,James,Winder,jwinder@gmail.com,36 East Bald Hill Ave.,Plattsburgh,NY,582-333-5958,12901,,
100639,Edward,Borland,eborland@gmail.com,27 Front St.,Ellicott City,MD,203-429-6675,21042,,
100640,Ariel,Marks,amarks@gmail.com,9166 Carpenter Dr.,Murfreesboro,TN,659-464-8597,37128,,
100641,Spencer,Arndt,sarndt@gmail.com,671 Newcastle St.,Hartford,CT,582-583-4780,6106,,
100642,Colson,Horning,chorning@gmail.com,8679 South Oak St.,Montclair,NJ,218-685-7985,7042,,
100643,William,Martineau,wmartineau@gmail.com,9321 Bay Dr.,Stratford,CT,215-592-0352,6614,,
100644,Adrienne,Barksdale,abarksdale@gmail.com,5 West Rd.,Glendora,CA,214-710-3832,91740,,
100645,Jack,Levine,jlevine@gmail.com,8885 Foxrun Ave.,San Carlos,CA,239-461-3098,94070,,
100646,Adrienne,Barksdale,abarksdale@gmail.com,167 Cherry Dr.,North Ridgeville,OH,317-891-3206,44039,,
100647,Lauren,Rissmann,lrissmann@gmail.com,712 Beaver Ridge Dr.,Fort Worth,TX,214-745-4979,76110,,
100648,Kenneth,Gibson,kgibson@gmail.com,74 Heather St.,Germantown,MD,248-756-0954,20874,,
100649,Daxton,Daniels,ddaniels@gmail.com,412 4th Ave.,Sugar Land,TX,208-878-2691,77478,,
100650,Trace,Hegemann,thegemann@gmail.com,859 Smoky Hollow St.,Indianapolis,IN,505-644-1866,46201,,
100651,Jacob,Konzal,jkonzal@gmail.com,9034 Catherine Drive,Greenville,NC,316-209-2714,27834,,
100652,Michel,Hoon,mhoon@gmail.com,903 Howard Drive,Glasgow,KY,346-585-2247,42141,,
100653,Terry,Cohen,tcohen@gmail.com,35 Hall St.,Deerfield,IL,582-444-4804,60015,,
100654,Scott,Jaros,sjaros@gmail.com,9121 Circle Court,Altamonte Springs,FL,582-300-5290,32714,,
100655,Mary,Youngmun,myoungmun@gmail.com,272 Mayflower St.,Bradenton,FL,209-896-8397,34203,,
100656,Camden,Harris,charris@gmail.com,460 High Ridge Ave.,Brighton,MA,215-727-0763,2135,,
100657,Kevin,Spalding,kspalding@gmail.com,9782 Thatcher Street,Clinton Township,MI,513-476-1027,48035,,
100658,David,Gilbert,dgilbert@gmail.com,96 Birchpond Drive,North Attleboro,MA,206-282-3589,2760,,
100659,Dads,Stoddard,dstoddard@gmail.com,11 Second St.,Concord,NH,209-324-9169,3301,,
100660,Kacper,Biernacki,kbiernacki@gmail.com,9018 South Lafayette Court,Ponte Vedra Beach,FL,539-944-1147,32082,,
100661,Ethan,Marks,emarks@gmail.com,90 Hill Ave.,Brentwood,NY,336-440-6792,11717,,
100662,David,Johnson,djohnson@gmail.com,645 Joy Ridge Dr.,Brooklyn,NY,206-304-6064,11201,,
100663,Landefeld,Autumn,lautumn@gmail.com,511 Pleasant Ave.,Wilmette,IL,203-532-8537,60091,,
100664,Andrew,Carney,acarney@gmail.com,216 Pumpkin Hill Road,Saint Petersburg,FL,582-282-7313,33702,,
100665,Joao,Amaral,jamaral@gmail.com,537 Lakewood Street,Cordova,TN,205-236-0836,38016,,
100666,Laura,Boton,lboton@gmail.com,75 Rosewood Street,Janesville,WI,207-517-5631,53546,,
100667,Julia,Zhu,jzhu@gmail.com,16 Maple Dr.,Pittsburgh,PA,307-742-3188,15206,,
100668,Carmen,Muzzana,cmuzzana@gmail.com,9294 Newport Ave.,Beverly,MA,209-281-5802,1915,,
100669,Thomas,Dobner,tdobner@gmail.com,7863 Wellington St.,Hartselle,AL,215-455-5600,35640,,
100670,Jarred,Iacovelli,jiacovelli@gmail.com,8302 Stonybrook Ave.,Shepherdsville,KY,505-644-1050,40165,,
100671,James,Allen,jallen@gmail.com,7061 Proctor Ave.,Newport News,VA,220-974-0231,23601,,
100672,Benjamin,Blake,bblake@gmail.com,92 Overlook Court,Astoria,NY,404-438-7550,11102,,
100673,Sophia,Lopez,slopez@gmail.com,19 Wilson Drive,Pembroke Pines,FL,323-343-4722,33028,,
100674,Shayne,Cashin,scashin@gmail.com,17 North Kent Ave.,Bakersfield,CA,203-335-9438,93306,,
100675,Jackson,Dalley,jdalley@gmail.com,651 SW. St Paul St.,Huntington Station,NY,582-202-0802,11746,,
100676,Chutnarin,Varasit,cvarasit@gmail.com,71 W. Lookout St.,Madison,AL,308-844-1717,35758,,
100677,Kyle,Buechner,kbuechner@gmail.com,7912 Leatherwood St.,Glen Burnie,MD,215-219-6902,21060,,
100678,Derrik,Poulin,dpoulin@gmail.com,9487 Roberts Street,Oak Lawn,IL,201-706-8677,60453,,
100679,Daniel,Payne,dpayne@gmail.com,866 State Ave.,Grovetown,GA,208-937-4880,30813,,
100680,Karen,Holce,kholce@gmail.com,8099 Mountainview Lane,Palatine,IL,240-280-2871,60067,,
100681,Kaitlin,Gifford,kgifford@gmail.com,672 Newbridge Street,Langhorne,PA,225-911-5642,19047,,
100682,Joseph,White,jwhite@gmail.com,43 Oakwood Street,Port Washington,NY,518-781-7471,11050,,
100683,Christian,Rodriguez,crodriguez@gmail.com,7684 Hawthorne St.,Saint Johns,FL,202-369-7253,32259,,
100684,Brianna,Macias,bmacias@gmail.com,169 Pleasant Street,Wasilla,AK,305-991-1380,99654,,
100685,Jeffrey,Oliver,joliver@gmail.com,269 W. Mountainview Street,Nutley,NJ,582-282-6122,7110,,
100686,Mitch,Stowe,mstowe@gmail.com,8233 Trout Road,Thibodaux,LA,326-402-8402,70301,,
100687,Madison,Stowe,mstowe@gmail.com,885 Lakeview Road,Clementon,NJ,347-711-3224,8021,,
100688,Jesse,Dial,jdial@gmail.com,172 Lake View Street,Des Plaines,IL,725-367-1222,60016,,
100689,Jacob,Craft,jcraft@gmail.com,77 Buckingham Lane,Mount Laurel,NJ,582-777-2591,8054,,
100690,Jingyi,Lyu,jlyu@gmail.com,759 Randall Mill Ave.,Syosset,NY,501-847-0897,11791,,
100691,Aaron,Avelar,aavelar@gmail.com,166 Winding Way Street,Arlington Heights,IL,331-609-3664,60004,,
100692,Campbell,Nelson,cnelson@gmail.com,17 Peachtree Circle,Saint Cloud,MN,505-906-3892,56301,,
100693,Allyson,Kiekhaefer,akiekhaefer@gmail.com,8141 Gregory Street,Mesa,AZ,901-416-4827,85203,,
100694,Alexandra,Immoos,aimmoos@gmail.com,541 Southampton St.,Mc Lean,VA,582-583-4663,22101,,
100695,Leslie,Evans,levans@gmail.com,8044 North East Circle,Garner,NC,505-644-2139,27529,,
100696,Trevor,Nelson,tnelson@gmail.com,76 Bridge Ave.,Tualatin,OR,213-924-4957,97062,,
100697,Hyrum,Rosquist,hrosquist@gmail.com,377 Edgewood Road,Green Cove Springs,FL,213-899-6267,32043,,
100698,Steve,Downes,sdownes@gmail.com,58 NW. Walnutwood Road,San Lorenzo,CA,215-916-4939,94580,,
100699,David,Robinson,drobinson@gmail.com,803 Gartner Street,Attleboro,MA,213-401-4047,2703,,
100700,Heidi,Riley,hriley@gmail.com,7102 Mayfair St.,Fuquay Varina,NC,419-248-5102,27526,,
100701,Connor,Showers,cshowers@gmail.com,21 White Ave.,Munster,IN,308-864-8619,46321,,
100702,Kathryn,Hill,khill@gmail.com,191 Thatcher Lane,Fort Walton Beach,FL,272-533-7566,32547,,
100703,Glen,Gerner,ggerner@gmail.com,8105 Mayfair Drive,Chandler,AZ,505-206-5987,85224,,
100704,Noah,Scott,nscott@gmail.com,7427 S. Rock Maple St.,Helena,MT,582-682-9784,59601,,
100705,Cara,Wolf,cwolf@gmail.com,209 Old Alderwood Court,Bloomfield,NJ,341-331-7264,7003,,
100706,Anne,Miller,amiller@gmail.com,311 8th Street,Waldorf,MD,434-620-2187,20601,,
100707,Matthew,Hamilton,mhamilton@gmail.com,389 Garden Avenue,Medford,MA,217-374-2468,2155,,
100708,Andrea,Coomans,acoomans@gmail.com,7436 Pilgrim Dr.,Williamsburg,VA,234-687-3241,23185,,
100709,Brady,Baxter,bbaxter@gmail.com,74 Wall Drive,Fitchburg,MA,314-975-1101,1420,,
100710,Daegan,Smith,dsmith@gmail.com,8158 Wayne Ave.,Phoenix,AZ,582-600-7048,85021,,
100711,Audrey,Cranney,acranney@gmail.com,74 W. Ashley Street,Hixson,TN,419-974-8298,37343,,
100712,Canyon,Tullis,ctullis@gmail.com,76 Wild Rose Lane,Burlington,MA,412-936-8123,1803,,
100713,Domenick,Sansotta,dsansotta@gmail.com,8382 Walnut St.,New Brunswick,NJ,582-222-2525,8901,,
100714,Robert,Vallejos,rvallejos@gmail.com,17 Albany Street,Saint Augustine,FL,307-446-9048,32084,,
100715,Kathryn,Hill,khill@gmail.com,12 Brandywine Ave.,West Islip,NY,582-222-2570,11795,,
100716,Mary,Frazier,mfrazier@gmail.com,638 North Marshall St.,Erlanger,KY,309-466-8623,41018,,
100717,Spencer,Hill,shill@gmail.com,8225 Big Rock Cove Court,Portland,ME,448-756-5223,4103,,
100718,Sean,Strasburg,sstrasburg@gmail.com,346 Olive Street,Athens,GA,605-220-1677,30605,,
100719,Benjamin,Becker,bbecker@gmail.com,50 West Squaw Creek St.,West Fargo,ND,582-333-1422,58078,,
100720,Valentina,Udabe,vudabe@gmail.com,715 S. James Street,Columbia,MD,229-750-5022,21044,,
100721,Mary,Martin,mmartin@gmail.com,7799 S. Sleepy Hollow St.,Merrimack,NH,582-333-7736,3054,,
100722,Ryan,Cragun,rcragun@gmail.com,8187 Sierra Drive,Ada,OK,217-288-1952,74820,,
100723,Uriel,Morales,umorales@gmail.com,6 Durham Street,Lady Lake,FL,308-375-2585,32159,,
100724,Steve,Lutz,slutz@gmail.com,8 Thorne Road,Grand Rapids,MI,505-782-4751,49503,,
100725,Chutnarin,Varasit,cvarasit@gmail.com,919 Sycamore Street,Manassas,VA,326-638-6279,20109,,
100726,Brittany,Black,bblack@gmail.com,108 North Lawrence Dr.,Long Branch,NJ,505-644-5382,7740,,
100727,Jack,Parker,jparker@gmail.com,150 Richardson Drive,North Miami Beach,FL,650-438-5782,33160,,
100728,Robert,Wallace,rwallace@gmail.com,7313 Glenholme Ave.,Monsey,NY,505-644-6824,10952,,
100729,Hanks,Kelli,hkelli@gmail.com,7743 Pierce St.,Metairie,LA,321-831-7154,70001,,
100730,Jason,Jefferies,jjefferies@gmail.com,918 West Golf Street,Utica,NY,808-648-8665,13501,,
100731,Austin,Glaus,aglaus@gmail.com,5 Riverview Circle,Kennesaw,GA,582-282-2421,30144,,
100732,James,Field,jfield@gmail.com,327 Wild Horse Dr.,Linden,NJ,202-676-2580,7036,,
100733,Cole,Kelly,ckelly@gmail.com,8605A Arch Lane,Pewaukee,WI,582-444-5156,53072,,
100734,Bart,Schenck,bschenck@gmail.com,48 Hillside Rd.,Huntington,NY,505-291-0798,11743,,
100735,Luke,Paster,lpaster@gmail.com,717 E. Wintergreen Street,Kansas City,MO,320-327-2992,64151,,
100736,Carson,Kelly,ckelly@gmail.com,7671 Ridgeview Ave.,Norristown,PA,301-907-9546,19401,,
100737,Timothy,Stixrud,tstixrud@gmail.com,7098 Glen Eagles Road,Newton,NJ,205-315-3998,7860,,
100738,Isaacson,Alexzander,ialexzander@gmail.com,212 Snake Hill Ave.,Tupelo,MS,718-974-6388,38801,,
100739,Justin,Fillmore,jfillmore@gmail.com,3 Nut Swamp Lane,Park Forest,IL,582-333-9583,60466,,
100740,William,Nevins,wnevins@gmail.com,72 Cedarwood Avenue,Asbury Park,NJ,582-222-2552,7712,,
100741,Frank,Day,fday@gmail.com,7371 Walnut Circle,San Antonio,TX,678-665-5105,78213,,
100742,Peter,Castro,pcastro@gmail.com,39 Fairground Street,Jackson Heights,NY,213-657-3704,11372,,
100743,Valued,Customer,vcustomer@gmail.com,7983 Nicolls St.,Land O Lakes,FL,582-400-6726,34639,,
100744,Blake,Weyandt,bweyandt@gmail.com,59 Devon Dr.,Charleston,SC,505-644-3858,29406,,
100745,Aydan,Leigh,aleigh@gmail.com,117 St Louis Drive,Cranford,NJ,239-512-5469,7016,,
100746,Jackson,Milne,jmilne@gmail.com,9278 Glenlake Lane,Ypsilanti,MI,501-552-1129,48197,,
100747,Austin,Brandt,abrandt@gmail.com,6 Center Drive,Menasha,WI,582-222-5751,54952,,
100748,Nolan,Sorrell,nsorrell@gmail.com,9628 Parker Rd.,San Diego,CA,248-762-7772,92111,,
100749,Jennafer,Laughlin,jlaughlin@gmail.com,9029 Indian Spring Ave.,Baton Rouge,LA,223-747-8954,70806,,
100750,George,Najera,gnajera@gmail.com,40 Newport St.,Ithaca,NY,458-749-0035,14850,,
100751,Curtis,Niemand,cniemand@gmail.com,39 South Warren Street,Glen Allen,VA,202-379-5957,23059,,
100752,Matt,Stillman,mstillman@gmail.com,54 Race Lane,Maumee,OH,505-644-9608,43537,,
100753,Evan,Holmoe,eholmoe@gmail.com,79 Magnolia Lane,Upper Darby,PA,303-852-7712,19082,,
100754,Myles,Varga,mvarga@gmail.com,82 North Myrtle St.,North Tonawanda,NY,225-856-0670,14120,,
100755,Megan,Colopy,mcolopy@gmail.com,723 4th St.,Derry,NH,213-509-0625,3038,,
100756,Julie,Do,jdo@gmail.com,85 Mayfield Street,Bluffton,SC,319-690-1978,29910,,
100757,Erica,Johnson,ejohnson@gmail.com,598 Carson Lane,Brownsburg,IN,209-226-9388,46112,,
100758,Joe,Kieffer,jkieffer@gmail.com,9054 Pennsylvania St.,North Fort Myers,FL,219-830-1063,33917,,
100759,Douglas,Schwartz,dschwartz@gmail.com,7269 N. Rockaway Dr.,Greensburg,PA,582-222-1388,15601,,
100760,Ziqi,Wang,zwang@gmail.com,89 Peg Shop Street,Houston,TX,203-293-6961,77016,,
100761,Jill,Perkins,jperkins@gmail.com,8062 San Carlos Street,Baldwin,NY,419-487-1654,11510,,
100762,Megan,Hoyt,mhoyt@gmail.com,7514 Paris Hill St.,Galloway,OH,409-670-0553,43119,,
100763,Minda,Zoloth,mzoloth@gmail.com,423 Plymouth Ave.,Elmont,NY,505-444-0814,11003,,
100764,Mason,Zoloth,mzoloth@gmail.com,7578 Pennsylvania Lane,Taylors,SC,316-291-3555,29687,,
100765,Sandra,Gullo,sgullo@gmail.com,334 South Greystone Road,Depew,NY,582-482-7170,14043,,
100766,Jenifer,Barber,jbarber@gmail.com,73 Oakwood Ave.,Frederick,MD,209-986-2188,21701,,
100767,Nicole,Meserole,nmeserole@gmail.com,66 Circle Court,West Des Moines,IA,206-241-2442,50265,,
100768,Richard,Daniels,rdaniels@gmail.com,7032 Glenlake Rd.,Henrico,VA,347-561-3707,23228,,
100769,Jenifer,Barber,jbarber@gmail.com,804 Elm St.,Londonderry,NH,505-644-9624,3053,,
100770,Evan,Marmer,emarmer@gmail.com,8476 Iroquois Dr.,Drexel Hill,PA,582-333-2555,19026,,
100771,Valued,Customer,vcustomer@gmail.com,76 Rockcrest Street,Dothan,AL,214-315-1877,36301,,
100772,Bridger,James,bjames@gmail.com,7080 Academy St.,Scotch Plains,NJ,209-532-9625,7076,,
100773,Rykley,Talbot,rtalbot@gmail.com,8366 Hartford Street,Eastpointe,MI,906-333-0698,48021,,
100774,Christian,Brooks,cbrooks@gmail.com,68 West Poplar Ave.,Pittsford,NY,234-994-2633,14534,,
100775,Presley,Thompson,pthompson@gmail.com,950 Lake View Lane,Palm City,FL,582-333-3051,34990,,
100776,Conner,Shumway,cshumway@gmail.com,79 Plymouth Street,Nanuet,NY,505-667-4488,10954,,
100777,Terry,Cohen,tcohen@gmail.com,9 Lyme Drive,Mechanicsburg,PA,408-988-3848,17050,,
100778,Austin,Campbell,acampbell@gmail.com,183 Mayflower Drive,Morganton,NC,234-219-3665,28655,,
100779,Joseph,Green,jgreen@gmail.com,810 53rd Drive,Thornton,CO,414-556-7369,80241,,
100780,Moira,Winder,mwinder@gmail.com,393 Glen Eagles Street,Bridgeton,NJ,582-333-2368,8302,,
100781,Elana,Mazur,emazur@gmail.com,9603 Maiden Drive,Winter Springs,FL,318-293-9884,32708,,
100782,Jason,Sabin,jsabin@gmail.com,9625 W. Penn Dr.,Livonia,MI,202-692-6564,48150,,
100783,Tyler,Riedesel,triedesel@gmail.com,8562 Bald Hill St.,Mount Juliet,TN,301-374-5262,37122,,
100784,Joceline,Guzman,jguzman@gmail.com,143 E. Hillside Road,Decatur,GA,217-764-4932,30030,,
100785,Dan,Olsen,dolsen@gmail.com,232 Catherine St.,Ladson,SC,214-343-0618,29456,,
100786,David,Platt,dplatt@gmail.com,44 Ryan Lane,Anderson,SC,582-465-3750,29621,,
100787,Rory,Bruggeman,rbruggeman@gmail.com,8331 Madison Ave.,Saginaw,MI,216-503-7173,48601,,
100788,James,Mcmaster,jmcmaster@gmail.com,833 Rock Creek St.,Pelham,AL,302-908-7841,35124,,
100789,Sasha,Borba,sborba@gmail.com,276 West Lower River Dr.,Olney,MD,505-964-9448,20832,,
100790,Elias,Benton,ebenton@gmail.com,339 Lexington Court,Nicholasville,KY,317-603-0040,40356,,
100791,Wade,Capps,wcapps@gmail.com,71 Big Rock Cove St.,Wilson,NC,308-567-8444,27893,,
100792,Levi,Barrow,lbarrow@gmail.com,7805 Hamilton Dr.,Ridgefield,CT,224-441-8065,6877,,
100793,Roman,Sanone,rsanone@gmail.com,7930 Rockaway St.,Front Royal,VA,215-722-4940,22630,,
100794,Haley,Brown,hbrown@gmail.com,7480 Shadow Brook Lane,Englishtown,NJ,302-795-0816,7726,,
100795,Amy,Golder,agolder@gmail.com,65 Lakewood Ave.,Niagara Falls,NY,503-279-2477,14304,,
100796,Jack,Ruhland,jruhland@gmail.com,68 Princess St.,Pomona,CA,307-439-1463,91768,,
100797,Dryden,Alberts,dalberts@gmail.com,456 North Main Ave.,Neptune,NJ,505-228-1951,7753,,
100798,Chase,Cardholder,ccardholder@gmail.com,276 S. Temple Lane,Lithonia,GA,316-638-9220,30038,,
100799,Parker,Smith,psmith@gmail.com,76 South Indian Summer St.,Canfield,OH,582-201-7432,44406,,
100800,Joshua,Robinson,jrobinson@gmail.com,55 Old Carson Street,Jamestown,NY,413-538-3402,14701,,
100801,Mark,Huber,mhuber@gmail.com,9759 Windfall Drive,Uniontown,PA,505-653-6585,15401,,
100802,Valued,Customer,vcustomer@gmail.com,614 El Dorado Ave.,Rock Hill,SC,202-348-3094,29730,,
100803,Mark,Futter,mfutter@gmail.com,886 Pennsylvania Ave.,Geneva,IL,505-644-9709,60134,,
100804,Allison,Finley,afinley@gmail.com,596 Rocky River St.,Ravenna,OH,582-302-0090,44266,,
100805,Peter,Deweerd,pdeweerd@gmail.com,15 Berkshire St.,Chicopee,MA,582-302-3969,1020,,
100806,Trevor,Brady,tbrady@gmail.com,488 East Lower River St.,Chesterton,IN,205-791-8731,46304,,
100807,Laurie,Gregerson,lgregerson@gmail.com,10 W. Summer Ave.,Lebanon,PA,408-254-5214,17042,,
100808,Andrew,Stingle,astingle@gmail.com,7 King Street,Grove City,OH,424-431-9568,43123,,
100809,Kaleb,Bistis,kbistis@gmail.com,349 S. Rockland Lane,Paterson,NJ,308-715-3240,7501,,
100810,Laprade,David,ldavid@gmail.com,4 Oklahoma Street,Pearl,MS,208-214-2871,39208,,
100811,Luke,Dunton,ldunton@gmail.com,8179B Walnut St.,Memphis,TN,215-495-2778,38106,,
100812,Rylee,Glaus,rglaus@gmail.com,42 Euclid Avenue,Valrico,FL,217-583-9098,33594,,
100813,Eli,Clarke,eclarke@gmail.com,334 Hillside Court,Hernando,MS,331-261-9380,38632,,
100814,Evan,Service,eservice@gmail.com,629 Del Monte St.,Stuart,FL,215-468-5472,34997,,
100815,Gabe,Adams,gadams@gmail.com,9283 E. Nicolls Drive,Florence,SC,212-288-9014,29501,,
100816,Grant,Bachtold,gbachtold@gmail.com,9232 East Nut Swamp Street,Niceville,FL,505-573-7219,32578,,
100817,Patrick,Ockerse,pockerse@gmail.com,9183 Livingston St.,Macon,GA,206-207-7291,31204,,
100818,Mcgibbon,Charlotte,mcharlotte@gmail.com,7757 Division St.,Mount Prospect,IL,312-725-8177,60056,,
100819,Aimee,Rodriquez,arodriquez@gmail.com,634 Woodsman Street,Hattiesburg,MS,505-662-4278,39401,,
100820,Colson,Horning,chorning@gmail.com,655 Glen Eagles St.,Perth Amboy,NJ,582-333-2620,8861,,
100821,Caden,Myers,cmyers@gmail.com,21 North Colonial Lane,Reading,MA,231-875-0844,1867,,
100822,Muhammod,Alam,malam@gmail.com,9095 Wild Horse Street,Chaska,MN,304-265-0381,55318,,
100823,Leon,Randon,lrandon@gmail.com,27 Howard Street,Groton,CT,505-631-0353,6340,,
100824,Ayden,Merritt,amerritt@gmail.com,319 Winding Way Ave.,Palm Coast,FL,202-979-4407,32137,,
100825,Paul,Derderian,pderderian@gmail.com,547 West Old York Dr.,Bergenfield,NJ,505-644-3967,7621,,
100826,Jason,Bobb,jbobb@gmail.com,65 Prospect Court,Dunedin,FL,351-340-9958,34698,,
100827,Tanner,Gulledge,tgulledge@gmail.com,8306 Lyme Drive,Cedar Falls,IA,419-406-0062,50613,,
100828,Scotty,Piffin,spiffin@gmail.com,145 Addison Ave.,Statesville,NC,582-333-6114,28625,,
100829,Braxton,Stanworth,bstanworth@gmail.com,274 Canal Street,North Bergen,NJ,214-593-7204,7047,,
100830,Barbara,Sluder,bsluder@gmail.com,9 Bedford Court,Waltham,MA,214-259-8077,2453,,
100831,Stone,Brookelynn,sbrookelynn@gmail.com,8816 North Lexington Street,Pueblo,CO,310-256-7255,81001,,
100832,Joshua,Fitzer,jfitzer@gmail.com,501 Campfire Street,Fort Myers,FL,307-262-8830,33905,,
100833,Patrick,Sanger,psanger@gmail.com,549 Trusel St.,Savannah,GA,508-425-3905,31404,,
100834,Ryan,Clarkson,rclarkson@gmail.com,9788 West Elm Street,Benton Harbor,MI,582-282-5797,49022,,
100835,Levi,Barrow,lbarrow@gmail.com,473 Brewery Dr.,Waxhaw,NC,582-465-3454,28173,,
100836,Anthony,Clark,aclark@gmail.com,911 Snake Hill St.,Schenectady,NY,239-450-8056,12302,,
100837,Campbell,Nelson,cnelson@gmail.com,9614 Mill Pond Dr.,Pittsfield,MA,508-420-3952,1201,,
100838,Justin,Gallegos,jgallegos@gmail.com,828 Livingston Street,Upland,CA,582-777-7684,91784,,
100839,Beau,Rayer,brayer@gmail.com,9799 Pin Oak Ave.,Saratoga Springs,NY,308-859-8375,12866,,
100840,Harrison,Jobe,hjobe@gmail.com,545 Ramblewood Road,Massapequa Park,NY,582-333-5197,11762,,
100841,Charles,Nadauld,cnadauld@gmail.com,596 Richardson Rd.,Circle Pines,MN,310-887-3618,55014,,
100842,Caitlyn,Nalder,cnalder@gmail.com,247 S. Surrey Ave.,Milford,MA,262-755-9855,1757,,
100843,Ryan,Hernandez,rhernandez@gmail.com,41 E. Fairfield Court,Ashtabula,OH,267-979-3345,44004,,
100844,Michael,Herfurth,mherfurth@gmail.com,794 Old Overlook Street,Grosse Pointe,MI,582-333-1900,48236,,
100845,Zebulon,Bartlett,zbartlett@gmail.com,319 East Woodside Dr.,Beloit,WI,251-362-0723,53511,,
100846,KIRK,KAPR,kkapr@gmail.com,9 School Ave.,Elgin,IL,582-302-9389,60120,,
100847,Porter,Boss,pboss@gmail.com,9942 W. Campfire Street,New Bedford,MA,213-996-6505,2740,,
100848,Cody,Smith,csmith@gmail.com,7060 Sage Street,Macomb,MI,405-313-7458,48042,,
100849,Christopher,Webb,cwebb@gmail.com,14 North Newbridge Street,Mount Holly,NJ,205-712-2545,8060,,
100850,Patrick,Essex,pessex@gmail.com,409 Longbranch Ave.,Monroe,NY,425-725-3696,10950,,
100851,John,Wallace,jwallace@gmail.com,973 Nut Swamp Rd.,Hollis,NY,582-282-4874,11423,,
100852,Nicolas,McMartin,nmcmartin@gmail.com,392 1st Ave.,Owensboro,KY,505-644-3728,42301,,
100853,James,Wilson,jwilson@gmail.com,658 E. White Street,Mahwah,NJ,504-509-4551,7430,,
100854,Broc,Hall,bhall@gmail.com,9912 Hill St.,Elmhurst,NY,425-795-3222,11373,,
100855,Joshua,Wheeler,jwheeler@gmail.com,54 Oak Meadow St.,Helotes,TX,410-559-3162,78023,,
100856,Jason,Bobb,jbobb@gmail.com,40 Country Club Court,Barberton,OH,505-798-6918,44203,,
100857,Bradley,Rivette,brivette@gmail.com,996 Glenridge St.,Collegeville,PA,205-464-9024,19426,,
100858,Luke,Roberts,lroberts@gmail.com,9335 Oak Valley St.,Port Orange,FL,312-301-1995,32127,,
100859,Minda,Zoloth,mzoloth@gmail.com,404 Smith Court,Glastonbury,CT,302-539-8616,6033,,
100860,Blume,John,bjohn@gmail.com,9363 N. Miles Avenue,Potomac,MD,430-698-2538,20854,,
100861,John,Mitchell,jmitchell@gmail.com,9986 North Sunbeam Street,Wayne,NJ,203-666-7081,7470,,
100862,Sejun,Oh,soh@gmail.com,8294 College Avenue,Glen Cove,NY,239-775-5270,11542,,
100863,Valued,Customer,vcustomer@gmail.com,537 Division Court,Ringgold,GA,207-868-7384,30736,,
100864,Kaycee,Montgomery,kmontgomery@gmail.com,775 West St Louis St.,Palm Beach Gardens,FL,218-577-0489,33410,,
100865,George,Nicholson,gnicholson@gmail.com,54 Main Street,Lakeland,FL,309-751-2622,33801,,
100866,Brandon,Christensen,bchristensen@gmail.com,830 Fairway Ave.,Brandon,FL,207-832-4951,33510,,
100867,Austin,Smock,asmock@gmail.com,368 Brown Street,Faribault,MN,301-571-3329,55021,,
100868,Eli,Clarke,eclarke@gmail.com,254 Sleepy Hollow St.,Norwich,CT,380-786-3220,6360,,
100869,John,Hass,jhass@gmail.com,747 Orange Street,Reno,NV,508-466-8334,89523,,
100870,Alexandra,Immoos,aimmoos@gmail.com,73 Grand Dr.,Hickory,NC,582-300-9665,28601,,
100871,Mike,Abramovitz,mabramovitz@gmail.com,939 Trusel Dr.,Dayton,OH,505-644-2979,45420,,
100872,Adam,Abramovitz,aabramovitz@gmail.com,29 North Highland St.,Painesville,OH,210-447-4434,44077,,
100873,Evan,Erickson,eerickson@gmail.com,7863 Middle River Street,Lynn,MA,207-266-9853,1902,,
100874,Brad,Alband,balband@gmail.com,66 Park St.,Owosso,MI,319-422-9624,48867,,
100875,Stephen,Shockley,sshockley@gmail.com,357 Addison Dr.,Stone Mountain,GA,310-999-7339,30083,,
100876,Dylan,Moore,dmoore@gmail.com,714 Glenlake Road,Nottingham,MD,218-665-2983,21236,,
100877,Joseph,Felt,jfelt@gmail.com,535 Howard St.,Naples,FL,210-684-8584,34116,,
100878,Marilyn,Hannah,mhannah@gmail.com,713 New Rd.,Chester,PA,240-485-7667,19013,,
100879,Jared,Simon,jsimon@gmail.com,718 Atlantic Ave.,Findlay,OH,402-257-8895,45840,,
100880,Jaxon,Pringle,jpringle@gmail.com,5 Warren St.,Glenside,PA,582-201-6464,19038,,
