SupplierID,SupplierName,PhoneNum,Street,City,State,Zip Code
100001,M I L O S P O R T,+1 216-331-6958,2 North Bellevue Road,Bensalem,PA,19020
100002,Dang Shades,+1 505-619-3133,999 Ramblewood Lane,Gloucester,MA,1930
100003,Converse,+1 203-602-9124,7195 Constitution Rd.,Griffin,GA,30223
100004,The Bomb Hole,+1 240-608-0892,34 East Clark Drive,Fremont,OH,43420
100005,Vans,+1 239-592-2529,889 N. Tallwood Ave.,Huntington,NY,11743
100006,Consignment,+1 582-302-8293,8963 S. Cherry Hill Court,Upper Marlboro,MD,20772
100007,Korua,+1 205-267-8085,919 Cleveland Lane,New Rochelle,NY,10801
100008,Salmon Arms,+1 570-227-0111,7010 SW. Pearl St.,Palm City,FL,34990
100009,Dickies,+1 505-644-3895,9177 Carriage St.,Highland,IN,46322
100010,Pro Tec,+1 582-333-1507,15 North Hawthorne Street,Alexandria,VA,22304
100011,Stance,+1 413-209-9170,122 Pheasant St.,Bountiful,UT,84010
100012,Milosport,+1 406-415-5387,314 West Greenrose Dr.,Huntersville,NC,28078
100013,Lakai,+1 303-918-2779,668 Tailwater St.,Cockeysville,MD,21030
100014,Spitfire,+1 509-356-9393,8615 Hawthorne St.,Jackson,NJ,8527
100015,Venture,+1 225-999-9176,615 Franklin Ave.,West Bloomfield,MI,48322
100016,Krooked,+1 201-270-6415,9506 Logan Drive,Georgetown,SC,29440
100017,OJ Wheels,+1 239-483-9002,8655 East Amherst St.,Lake In The Hills,IL,60156
100018,Santa Cruz,+1 413-415-3914,9275 Bay Drive,Dearborn,MI,48124
100019,Real,+1 231-936-4456,132 Westport St.,Richardson,TX,75080
100020,Powell Peralta,+1 313-339-5581,8181 Maple Court,Corona,NY,11368
100021,Bones,+1 508-634-0377,73 Marsh Street,North Attleboro,MA,2760
100022,Antihero,+1 201-836-1431,687 Redwood Ave.,Vernon Hills,IL,60061
100023,Thrasher,+1 707-599-0297,9840 E. Lakewood Ave.,Belleville,NJ,7109
100024,Nitro,+1 332-750-4570,50 Washington St.,Graham,NC,27253
100025,Capita,+1 206-419-4643,267 Shirley Street,Harlingen,TX,78552
100026,Polar Skate Co,+1 925-276-0248,8329 Beechwood Dr.,Fargo,ND,58102
100027,Emerica,+1 203-681-4208,480 E. Lakeview St.,La Porte,IN,46350
100028,Welcome,+1 424-577-7739,3 Vale Drive,Thibodaux,LA,70301
100029,Theories of Atlantis,+1 214-588-3264,8008 Colonial St.,Westfield,MA,1085
100030,magenta,+1 212-331-2317,9 Manor Rd.,Atwater,CA,95301
100031,Ricta,+1 319-629-0771,59 53rd Court,Roswell,GA,30075
100032,NHS,+1 582-583-0679,26 N. Glen Ridge Street,Auburndale,FL,33823
100033,Frog,+1 619-587-4517,9183 Mayfield Drive,Apopka,FL,32703
100034,Portland Wheel Company,+1 582-600-3012,91 E. Lincoln Street,Bridgeport,CT,6606
100035,Destroyer,+1 304-926-3351,7676 Wood Street,King Of Prussia,PA,19406
100036,Quasi,+1 505-300-7971,9477 Harvard Ave.,Chardon,OH,44024
100037,Anon,+1 307-670-0089,41 Illinois Street,Bolingbrook,IL,60440
100038,Chrystie,+1 413-329-9117,741 Stillwater Ave.,West Palm Beach,FL,33404
100039,WKND,+1 505-999-3899,7373 W. Homewood Ave.,East Meadow,NY,11554
100040,traffic,+1 725-398-4214,43 Ocean Ave.,Kenosha,WI,53140
100041,Bronson,+1 520-358-1036,75 Tallwood St.,Brookfield,WI,53045
100042,Independent,+1 505-644-9941,89 S. Border St.,Waltham,MA,2453
100043,AMAO,+1 582-282-9477,8157 East Middle River Street,Lewis Center,OH,43035
100044,Deathwish,+1 582-400-2329,895 Aspen St.,Bozeman,MT,59715
100045,Baker,+1 505-644-4454,515 Summerhouse Dr.,New Bern,NC,28560
100046,birdhouse,+1 582-442-8097,9000 Ridge Street,Fitchburg,MA,1420
100047,The North Face,+1 582-333-8586,8337 Campfire Street,Englewood,NJ,7631
100048,Bon Grip,+1 229-864-4134,660 East Garden Lane,Myrtle Beach,SC,29577
100049,Bacon,+1 505-309-3505,71 Maple Street,Frankfort,KY,40601
100050,Thunder,+1 505-393-4543,351 West Hill Road,Roselle,IL,60172
100051,Creature,+1 220-843-4309,284 High Noon St.,Valparaiso,IN,46383
100052,Oakely,+1 276-685-2294,938 East Cherry Hill Ave.,Springfield,PA,19064
100053,Howl,+1 582-200-3246,7009 East Third Ave.,Burbank,IL,60459
100054,Thirty Two (32),+1 325-368-0767,290 Longfellow Street,Sarasota,FL,34231
100055,L1,+1 425-470-3989,3 Lyme Street,Hattiesburg,MS,39401
100056,Dakine,+1 541-206-4693,7468 Homestead Ave.,Coventry,RI,2816
100057,Arva,+1 316-211-3633,730 Lyme Street,Homestead,FL,33030
100058,Smith,+1 256-356-8622,85 North Linden St.,Danbury,CT,6810
100059,Shake Junt,+1 346-795-5415,9692 Bradford Lane,Starkville,MS,39759
100060,Black Diamond,+1 582-682-4923,981 Summerhouse Ave.,Woburn,MA,1801
100061,Coal,+1 205-992-5225,8483 West Gonzales Drive,Palatine,IL,60067
100062,Autumn,+1 505-644-1671,830 Summit St.,Nashville,TN,37205
100063,Hand Out,+1 582-300-2341,7 Bishop Court,Great Falls,MT,59404
100064,Electric,+1 214-455-8018,7159 Tower Avenue,Euless,TX,76039
100065,Dragon,+1 505-738-0672,412 Fawn Road,Winder,GA,30680
100066,Cardiff,+1 513-432-0714,339 Ohio Street,Troy,NY,12180
100067,Patagonia,+1 505-644-9598,7750 Greystone Street,Waxhaw,NC,28173
100068,Modest,+1 505-608-9624,40 East Trenton Ave.,Roy,UT,84067
100069,Volcom,+1 218-350-0654,84 Mayflower Dr.,Oceanside,NY,11572
100070,Rome,+1 505-690-3543,598 Bayport Drive,Fairfax,VA,22030
100071,Sims,+1 208-745-9161,604 Arlington Street,Manchester Township,NJ,8759
100072,Beaver Wax,+1 208-439-2285,9997 Williams Ave.,West Roxbury,MA,2132
100073,Union,+1 310-719-4008,25 West Wild Rose St.,Logansport,IN,46947
100074,Ashbury,+1 582-300-6487,9457 Linda Road,Highland Park,IL,60035
100075,Anti Hero,+1 234-966-0132,9228 S. Hickory Avenue,Temple Hills,MD,20748
100076,scram,+1 582-222-0320,888 Heritage Court,Edison,NJ,8817
100077,Pizza,+1 224-214-5773,267 Greenview Rd.,Shelton,CT,6484
100078,K2,+1 201-474-6731,22 Gregory St.,Lapeer,MI,48446
100079,Ride,+1 325-469-8610,779 Birchwood Avenue,Westlake,OH,44145
100080,Jessup,+1 224-505-0129,8559 Princeton St.,Marlborough,MA,1752
100081,Almost,+1 582-333-3411,446 Primrose Drive,Delray Beach,FL,33445
100082,Blind,+1 312-632-6656,6 Somerset Drive,Clifton Park,NY,12065
100083,Enjoi,+1 314-612-0120,96 Rockledge Street,Chaska,MN,55318
100084,Arcade,+1 217-471-3189,169 Pilgrim Street,Cornelius,NC,28031
100085,Death Leather,+1 217-923-2997,87 E. Lees Creek Street,Kissimmee,FL,34741
100086,Public,+1 505-653-1636,336 North Mammoth St.,Ontario,CA,91762
100087,Crab Grab,+1 224-295-5315,80 West West Street,Dedham,MA,2026
100088,Ace Trucks,+1 582-600-2772,88 Marlborough Ave.,Canfield,OH,44406
100089,Airblaster,+1 412-575-2946,557 N. Albany St.,Wantagh,NY,11793
100090,Alltimers,+1 209-761-4787,800 Devonshire Ave.,Nutley,NJ,7110
100091,Voile,+1 323-270-0828,176 Circle St.,Montclair,NJ,7042
100092,Polar,+1 248-742-5218,9941 Ocean Drive,Hernando,MS,38632
100093,Cafe,+1 582-400-2481,82 Glenlake Avenue,Villa Park,IL,60181
100094,Chocolate,+1 425-775-4341,582 Dogwood Rd.,Osseo,MN,55311
100095,Girl,+1 205-244-3100,71 Myers Drive,Clifton,NJ,7011
100096,Gentemstick,+1 505-644-8736,31 Greenrose Ave.,Torrance,CA,90505
100097,Yes,+1 582-888-6822,86 Bridle Rd.,Derry,NH,3038
100098,Spark R&D,+1 505-289-1037,782 Windfall Street,Bedford,OH,44146
100099,Brixton,+1 206-579-3888,8384 Woodland Drive,Stroudsburg,PA,18360
100100,Arbor,+1 413-221-1659,430 Riverview Dr.,Jackson Heights,NY,11372
100101,Smtih,+1 239-224-2938,5 Bay Meadows Ave.,Chicopee,MA,1020
100102,Adidas,+1 715-317-0077,7333 Sulphur Springs Dr.,Bloomfield,NJ,7003
100103,Wintersteiger,+1 207-690-7863,351 Constitution Ave.,Lacey,WA,98503
100104,Chimera,+1 212-870-3411,440 W. Roehampton St.,Dorchester Center,MA,2124
100105,torment,+1 582-500-4021,13 Riverside St.,Owensboro,KY,42301
100106,Salomon,+1 582-333-0172,2 W. New Street,Fayetteville,NC,28303
100107,Mob,+1 582-333-7238,9547 South Meadow Drive,Northville,MI,48167
100108,Karakoram,+1 505-514-1290,19 Thompson Court,Spring Hill,FL,34608
100109,Burton,+1 582-222-2888,27 Homewood Dr.,Paducah,KY,42001
100110,Primitive,+1 505-997-2710,8443 Mayfield Rd.,Burnsville,MN,55337
100111,Passport,+1 582-201-1051,73 James St.,Deer Park,NY,11729
100112,Hopps,+1 605-421-1074,40 Tunnel St.,Warner Robins,GA,31088
100113,Thirty Two,+1 409-916-5472,7643 Bank Street,Covington,GA,30014
100114,Brighton,+1 214-285-3081,550 Brickyard Ave.,Grandville,MI,49418
100115,Vacay,+1 505-744-3472,152 Beechwood St.,Woodside,NY,11377
100116,theories,+1 331-352-9996,941 High Point Ave.,Tucson,AZ,85718
100117,airhole,+1 218-719-6258,33 North Riverview Lane,Lawrence,MA,1841
100118,OJ,+1 828-815-2495,9 Shub Farm Ave.,Waukesha,WI,53186
100119,Death Wish,+1 505-264-2441,7 South Fieldstone Ave.,Hammonton,NJ,8037
100120,Dial Tone,+1 317-524-3110,522 2nd Ave.,Cincinnati,OH,45211
100121,lowcard,+1 217-967-1719,597 Bridle Court,Cleveland,TN,37312
100122,Orbs,+1 582-282-5035,18 N. Shore Court,Miamisburg,OH,45342
100123,Orb,+1 582-200-8046,9901 Walnutwood Circle,Capitol Heights,MD,20743
100124,Mini Logo,+1 582-529-6237,9401 Marconi Drive,Matthews,NC,28104
100125,Interior Plain Project,+1 505-890-1613,479 Princess Street,Antioch,TN,37013
100126,Oakley,+1 302-456-5385,227 Third Dr.,Paterson,NJ,7501
100127,Dinosaurs Will Die,+1 582-202-3677,9914 Schoolhouse St.,North Royalton,OH,44133
100128,doom sayers,+1 224-678-2090,7413 S. Bohemia Dr.,Perkasie,PA,18944
100129,Bataleon,+1 505-644-5008,134 East Woodsman Lane,Culpeper,VA,22701
100130,grizzly,+1 412-396-7851,37 West Lees Creek Lane,Matawan,NJ,7747
100131,Goldcoast,+1 530-416-0063,34 Cobblestone Court,La Vergne,TN,37086
100132,Visit,+1 582-282-1177,57 Bellevue Ave.,Syosset,NY,11791
100133,Custom Bundle,+1 582-777-7461,927 Water St.,Tallahassee,FL,32303
100134,Bruhlers,+1 582-302-1703,8978 Smith Store St.,Lakeland,FL,33801
100135,Adult Toy,+1 505-644-7659,9060 New St.,Yonkers,NY,10701
100136,skate,+1 582-999-7098,8524 Windfall St.,Martinsville,VA,24112
100137,Yocaher,+1 321-804-6719,25 Pearl Circle,Newark,NJ,7103
100138,L1 Premium Goods,+1 214-334-4400,97 Amherst Ave.,Ogden,UT,84404
100139,Drink Water,+1 223-261-5527,4 Oakland St.,Warminster,PA,18974
100140,Grassroots,+1 582-282-5986,6 Catherine Street,Pomona,CA,91768
100141,Videograss,+1 724-976-1686,8973 Glen Ridge Ave.,Memphis,TN,38106
100142,Strive,+1 504-327-1834,7118 New Circle,Banning,CA,92220
100143,Skeats,+1 582-400-6185,831 Jones Dr.,Norwalk,CT,6851
100144,United Shapes,+1 320-651-9311,129 Somerset St.,San Jose,CA,95127
100145,Nikita,+1 582-333-7669,9792 Grove Street,Jersey City,NJ,7302
100146,Holden,+1 209-756-1712,80 East Cherry Hill Drive,Owatonna,MN,55060
100147,Powell,+1 513-476-4786,9992 West Maple Street,Hamburg,NY,14075
100148,Wolfgang,+1 407-546-5005,747 East Fieldstone St.,Mechanicsville,VA,23111
100149,Crailtap,+1 534-494-9463,9902 Southampton Court,Traverse City,MI,49684
100150,Spy,+1 228-937-7353,9804 Mayfield Avenue,Bay City,MI,48706
100151,Es,+1 304-533-4804,118 Beach Lane,Algonquin,IL,60102
100152,iDabble,+1 582-282-8385,7178 Marshall Dr.,Manitowoc,WI,54220
100153,Spacecraft,+1 210-815-0354,2 Sutor Lane,La Crosse,WI,54601
100154,New Era,+1 505-624-9439,788 Marconi Dr.,Lady Lake,FL,32159
100155,Supra,+1 209-722-9733,79 Tower St.,Winona,MN,55987
100156,Winterstick,+1 505-737-3586,657 NE. Woodland Circle,Canandaigua,NY,14424
100157,Thread Wallets,+1 201-400-1491,7705 Devon Street,Staten Island,NY,10301
100158,Think Thank,+1 582-500-9042,305 Carriage Dr.,Glen Allen,VA,23059
100159,Straye,+1 505-644-7648,13 East Studebaker St.,Ooltewah,TN,37363
100160,Nixon,+1 201-233-2153,541 Boston Court,The Villages,FL,32162
100161,Levi's,+1 505-644-2993,7720 Valley Farms Street,Benton Harbor,MI,49022
100162,Gnarly,+1 582-500-0505,381 Alton St.,Hephzibah,GA,30815
100163,Discrete,+1 516-872-3443,72 Armstrong Ave.,Defiance,OH,43512
